메뉴,재료,양,레시피
[강레오] 고등어구이,"['고등어', '식용유', '소금', '후추']","['130g', '적당량', '적당량', '적당량']","['충분히 해동된 고등어를 깨끗하게 씻어 주세요. 고등어에 묻은 물기를 닦아내 수분을 완전히 제거해 주세요. (tip. 수분을 제거해야 구울 때 기름이 튀지 않고 냄새가 안 나요)', '고등어 양면에 소금과 후춧가루를 적당량 뿌려 밑간을 해 주세요.(tip. 소금은 굵은 것보다 고운 입자를 사용하는 게 좋아요. 굵은소금이 있다면 곱게 갈아주세요)', '팬에 오일을 두르고 중간불로 달궈 주세요. 고등어의 껍질이 아래로 향하도록 올린 후, 중약불로 낮춰 10초 정도 꾹 눌러 구워주세요. 고등어가 80% 정도 익었을 때 뒤집어 10초 정도 더 익혀 주세요.', '겉은 바삭, 속은 촉촉하게 익은 고등어구이를 맛있게 즐겨 주세요.']"
[우정욱] 채소 듬뿍 궁중떡볶이,"['가래떡', '양파', '파프리카', '피망', '표고버섯', '잡채용 소고기', '만가닥버섯', '목이버섯', '잣', '깨', '참기름', '간장', '설탕', '참기름', '후추', '간장', '설탕', '미림', '굴소스']","['2줄', '1/2개', '1/2개씩', '1개', '3개', '100g', '1팩', '1/2컵', '약간', '약간', '약간', '1큰술', '1작은술', '1작은술', '약간', '2큰술', '1큰술', '2큰술', '1작은술']","['가래떡을 4cm정도의 길이, ? 크기로 가늘게 썬 다음 찬물에 담갔다가 살짝 데쳐 주세요.(tip. 가래떡은 반으로 썬 후 3등분 해서 총 6등분 해주세요. 가래떡을 얇게 썰면 양념이 잘 배서 더 맛있어요)(tip. 데친 가래떡은 참기름을 살짝 둘러 달라붙지 않게 준비해 주세요)', '파프리카와 피망, 표고버섯은 채 썰어주세요. 만가닥버섯은 기둥을 썰고 손으로 떼어내 주세요.(tip. 파프리카는 겉면이 바닥에 닿도록 두고 썰어야 미끄러지지 않아요)(tip. 애호박을 추가해도 좋아요)', '볼에 소고기와 고기 양념재료를 넣어 버무려 주세요.(tip. 소고기는 대접살을 추천하고 채끝살 또는 보섭살로 대체해도 좋아요)', '달군 팬에 카놀라유 또는 포도씨유를 넣고 양파를 볶아주세요. 소금을 한 꼬집 넣어 간을 해주세요. 파프리카, 피망을 넣어 볶아주세요. 기름이 부족하면 물을 약간 넣어 볶아주세요. 볶아낸 채소는 따로 덜어 준비해 주세요.(tip. 채소를 볶을 때마다 조금씩 소금간을 해주세요)', '팬에 고기를 넣어 볶아주세요. 고기가 4~50% 볶아졌을 때 표고버섯과 만가닥 버섯을 넣어 볶아주세요. 생목이 버섯은 마지막에 넣어 볶아주세요.(tip. 모든 채소를 기름에 볶으면 느끼할 수 있어요. 양파는 기름으로 볶고 파프리카는 물을 넣어 볶아주세요)', '달군 팬에 데친 떡과 채소, 고기와 양념재료를 넣어 볶아주세요. 양념이 골고루 잘 배일 수 있도록 졸여주세요. 마지막으로 통깨와 참기름, 잣가루를 뿌려 맛있게 즐겨 주세요.']"
간단 잡채,"['건당면', '잡채용 돼지고기', '표고버섯', '부추', '당근', '양파', '깨', '참기름', '후추', '물', '진간장', '설탕', '식용유']","['100g', '100g', '3개', '반줌', '1/2개', '1/2개', '2큰술', '1큰술', '약간', '2컵', '2+1/2큰술', '1큰술', '1큰술']","['건당면은 찬물에 담가 30분정도 불려주세요.', '당근, 표고, 양파는 채를 썰고, 부추는 5cm 길이로 썰어주세요.', '냄비에 양념 재료를 넣고 중불에서 끓이다가 설탕이 녹으면 불린 당면과 돼지고기, 표고버섯을 넣고 후추를 뿌려 2~3분간 끓여주세요. (tip. 흑설탕은 잡채의 색을 더욱 맛있게 보이게 해줘요. 흑설탕이 없다면 일반 설탕을 사용해도 괜찮아요)', '당면이 반 이상 익었을때 양파와 당근을 넣고 섞은 후 뚜껑을 덮어 3분간 익혀주세요. 불을 끄고 부추와 통깨와 참기름을 넣어 가볍게 섞어주세요.', '완성된 잡채를 접시에 담아 맛있게 즐겨주세요.']"
간장 가지덮밥,"['가지', '양파', '전분', '쪽파', '식용유', '깨', '후추', '소금', '설탕', '물', '간장', '미림', '청주', '설탕', '생강가루']","['3개', '1개', '2큰술', '2대', '약간', '약간', '약간', '약간', '약간', '4큰술', '3큰술', '2큰술', '2큰술', '2큰술', '약간']","['가지는 깨끗이 씻어 꼭지를 자르고 1cm 두께로 길게 썰어주세요.', '가지에 소금과 설탕을 넣고 20분간 절여주세요.', '절인 가지의 물기를 제거하고 밀가루옷을 얇게 입혀주세요.', '마늘은 편을 썰어 구워주세요. 달군 팬에 기름을 두르고 중약불에서 가지를 앞뒤로 노릇하게 3~4분간 구워주세요.', '소스재료를 섞은 후 가지를 구운 팬에 붓고 팔팔 끓여준 불을 약불로 줄이고 구워둔 가지를 넣고 2~3분간 졸여주세요.', '양파는 얇게 링으로 썰어 찬물에 담가 매운기를 제거하고 채반에서 물기를 제거해 주세요.', '그릇에 밥을 담고 양파를 소복히 올린 후 통깨를 뿌리고 구운 가지를 가지런히 올려주세요. 쪽파와 후춧가루를 뿌려 완성한 후 맛있게 즐겨주세요.']"
간장 계란밥,"['달걀', '밥', '김가루', '간장', '버터', '깨', '쪽파', '참기름']","['2개', '2공기', '적당량', '1큰술', '2큰술', '약간', '2줄기', '1큰술']","['달군 팬에 버터를 두른 후 달걀프라이를 겉면이 타듯이 노릇하게 구워주세요.', '쪽파는 송송 썰어주세요.', '그릇에 따뜻한 밥을 담은 후 달걀프라이를 얹어주세요.', '간장과 참기름을 둘러주고 통깨와 쪽파, 김가루를 뿌려 완성해주세요.']"
간장게장,"['꽃게', '고추', '청양고추', '마늘', '레몬', '가다랑어포', '물', '다시마', '사과', '마늘', '생강', '양파', '대파', '건고추', '후추', '간장', '맛술', '청하', '설탕', '매실청']","['1kg', '1개', '2개', '5쪽', '¼개', '반 줌', '9컵', '2쪽', '½개', '5쪽', '2쪽', '½개', '½대', '2개', '15알', '3컵', '½컵', '¼컵', '4큰술', '2큰술']","['냄비에 물과 깨끗이 씻어 손질한  육수 재료를 넣고 끓이다가 물이 끓어오르면 다시마를 건져내고 15분 정도 끓이다가 불을 끈 후 가다랑어포를 넣고 5분 정도 우린 후 체에 걸러 가다랑어 육수를 만들어주세요.(tip. 사과는 씨를 제거한 후 사용해주세요.)', '홍고추와 청양고추는 먹기 좋게 썰고 마늘은 편으로 썰어주세요. 레몬은 깨끗이 씻어 링으로 슬라이스 해 주세요.', '냄비에 가다랑어 육수 6컵과 간장양념 재료를 넣고 끓인 후 식혀주세요.(tip. 국물이 팔팔 끓으면 불을 꺼 주세요.)', '꽃게는 조리용 솔로 비벼 깨끗이 씻은 후 물기를 제거하고 보관 용기에 꽃게의 배가 위로 오도록 담아주세요.(tip. 봄에는 알이 꽉 찬 암게를 사용하고 가을에는 살이 통통하게 오른 수게를 사용해서 만드시는 것이 좋고 살아있는 게는 냉동실에 2시간 정도 넣었다가 손질하시면 게의 살이 물러지지 않아요.)', '보관 용기에 마늘과 레몬, 홍고추, 청양고추를 넣은 후 차게 식은 간장양념 물을 부어주세요.(tip. 꽃게가 간장 물에 잠기도록 눌러 뚜껑을 닫아주세요.)', '냉장고에 넣어 하루 숙성 후 국물만 따라내어 끓이고 식혀 다시 꽃게에 붓고 하루에서 이틀 정도 냉장고 넣어 숙성해 주세요.(tip. 간장게장을 오래 두고 먹으려면 꽃게와 간장 물을 따로 나눠 냉동고에 넣어 보관해 주세요.)', '맛있게 즐겨주세요.']"
갈비찜,"['LA갈비', '표고버섯', '양파', '대파', '무', '감자', '당근', '간장', '물', '파', '생강가루', '다진마늘', '설탕', '맛술', '참기름', '후추']","['1kg', '4~5개', '1/2개', '1/2개', '1조각(100g)', '1개', '1개', '2/3컵', '1/2컵', '3큰술', '1/2작은술', '1/2큰술', '4큰술', '4큰술', '1큰술', '약간']","['갈비는 찬물에 1~2시간 정도 담가 핏물을 빼주세요.', '볼에 양념 재료를 넣고 섞어주세요.', '채소를 찜용으로 굵직하게 썰어주세요.', '내열 용기에 갈비와 양념, 소스를 넣고 포일로 감싸주세요.', '법랑 접시 석쇠를 놓고 내열 용기를 올려 1단에 넣고 광파오븐 자동 요리<슬로우 쿡>에서 <흰죽>을 선택해 조리해주세요. 조리가 시작되면 조절 기능으로 시간을 3시간으로 변경해주세요.', '완성된 갈비찜을 접시에 담아 맛있게 즐겨주세요.']"
감자북엇국,"['북어채', '양파', '대파', '감자', '달걀', '물', '참기름', '다진마늘', '국간장', '소금', '후추']","['40g', '50g', '20g', '1개', '1개', '800ml', '1큰술', '½큰술', '2큰술', '1작은술', '½작은술']","['북어채는 20분 정도 물에 담가 염분을 빼고 양손으로 짜서 물기를 제거해주세요.', '양파, 대파는 채 썰고 감자는 1cm 크기로 깍둑 썰어 주세요.', '달군 냄비에 참기름을 두르고 적당한 크기로 자른 북어채를 넣어 2~3분 정도 볶아주세요.', '감자, 물을 넣고 센불에서 4분 정도 끓여주세요. 거품이 생기면 걷어내주세요.', '젓가락으로 감자를 찔러보고 감자가 익었으면 국간장, 소금, 후추를 넣고 한소끔 더 끓여주세요.', '달걀을 잘 풀어서 넣고 양파, 대파, 마늘을 넣고 2분 정도 더 끓여주세요.*Tip. 달걀물을 넣고 바로 저으면 달걀 특유의 비린내가 날 수 있으므로 30초 정도 뒤에 저어주세요!', '그릇에 덜어 따뜻할 때 맛있게 드세요!']"
감자수제비,"['육수', '감자', '애호박', '당근', '대파', '밀가루', '물', '소금', '국간장', '소금', '후추', '간장', '멸치액젓', '청양고추', '다진마늘', '설탕']","['7컵', '2개(300g)', '1/3개', '약간', '약간', '1+1/2컵', '1/2컵', '1작은술', '1큰술', '2꼬집', '약간', '3큰술', '1/2큰술', '2개', '1작은술', '1/2큰술']","['반죽을 위해 물에 소금을 넣어 소금물을 만들어주세요. 볼에 밀가루와 소금물을 섞어 잘 치대어 손으로 반죽해 주세요. 랩을 씌워 냉장고에서 20분 정도 숙성시켜주세요. (tip. 약간 진 느낌으로 손에 달라붙는 정도의 반죽이 좋아요)(tip. 반죽은 냉장고에서 하루 정도 숙성시키면 더 얇게 뜯을 수 있어요)', '감자와 애호박은 반달 모양으로 썰고 당근은 얇게 채썰어주세요. 대파는 어슷썰어주세요. (tip. 감자는 도톰하게 썰어주세요)', '냄비에 멸치다시육수를 넣고 끓으면, 국물 양념 재료를 넣고 숙성된 반죽을 한 입 크기로 얇게 뜯어 넣어주세요. 감자와 애호박, 당근을 넣고 팔팔 끓여주세요.', '반죽이 익을 때까지 8~10분 정도 끓이다가 마지막에 대파를 넣고 한소끔 끓여 완성해 주세요.', '수제비를 그릇에 담고 땡초 양념장을 곁들여 맛있게 즐겨주세요.']"
감자채볶음,"['감자', '당근', '양파', '깨', '식용유', '다진마늘', '소금']","['2개(300g)', '1/3개', '1/4개', '약간', '적당량', '1/2작은술', '1/4작은술']","['감자는 껍질을 벗기고 채칼을 이용해 3mm 정도로 채 썰어주세요. 감자가 부서지지 않도록 찬물에 살살 헹궈 전분질을 빼고 물에 5분 정도 담갔다가 체에 밭쳐 물기를 빼주세요.(tip. 채칼을 활용하면 일정한 두께로 썰어져 균일하게 익힐 수 있어요)(tip. 채칼을 사용할 때는 안전에 유의해 주세요)(tip. 찬물에 헹궈 충분히 전분질을 빼야 진득하지 않게 완성돼요)', '당근은 감자와 같은 두께로 채썰고 양파는 얇게 썰어주세요.(tip. 단단한 당근은 슬라이서를 이용해 균일한 두께로 썬 후 칼로 일정한 두께로 썰어주세요)', '달군 팬에 기름을 넉넉히 두르고 다진 마늘을 넣고 볶아주세요. 양파, 당근, 감자를 넣어 중간불에서 볶아주세요.', '감자가 투명해지면 소금을 넣어 간을 맞춰주세요.', '마지막에 통깨를 뿌려 완성해 주세요.']"
고구마밥,"['고구마', '쌀', '현미', '물']","['1개', '⅔컵', '⅓컵', '1과 ⅓컵']","['1. 요리 전 현미와 멥쌀을 2시간 정도 불려주세요. 고구마는 깨끗하게 씻은 후 2~3cm로 깍둑썰기 해주세요.', '2. 냄비에 불린 현미와 멥쌀을 부어주세요.', '3. 2의 냄비에 손질된 고구마를 넣어 주세요.', '4. 냄비에 물 1과 1/3컵을 붓고 센 불에서 5분, 약불에서 10분간 끓여 주세요.', '5. 다 익은 밥을 그릇에 옮겨 담아 드세요.*Tip. 고구마의 껍질에는 전분을 분해하는 효소가 들어있어 소화를 촉진합니다. 암과 노화를 억제하 는 플라보노이드 성분도 풍부하게 들어있어요.']"
고추장 달걀 조림,"['달걀', '양파', '꽈리고추', '쪽파', '육수', '참기름', '깨', '소금', '식초', '고추장', '고춧가루', '진간장', '설탕', '물엿', '후추']","['10개', '½개', '12개', '1줄기', '1컵', '약간', '약간', '1작은술', '1큰술', '2큰술', '1큰술', '2큰술', '1큰술', '2큰술', '약간']","['냄비에 달걀이 잠길 정도의 물을 부어준 후 소금과 식초, 달걀을 넣어 약 15분 정도 삶아주세요. 삶아진 달걀은 찬물에 담갔다가 껍질을 벗겨주세요. (실온 상태의 달걀을 사용해야 달걀이 터지지 않도록 삶을 수 있어요) (소금은 달걀 껍데기가 잘 벗겨지게 해주는 역할을 하며 식초는 달걀이 깨졌을 때 바로 응고시키는 역할을 한답니다)', '볼에 소스 양념을 넣어 섞어주세요.', '양파는 껍질을 벗긴 후 채를 썰고 쪽파는 송송 썰어주세요. 꽈리고추는 양념이 잘 밸 수 있도록 가운데에 칼집을 넣어주세요.', '냄비에 멸치육수를 넣은 후 양념을 넣어 끓으면 양파와 꽈리고추, 달걀을 넣어 끓여주세요.', '국물이 자작해질 때까지 8분 정도 달걀에 국물을 끼얹어가며 익혀주세요.', '접시에 담은 후 참기름과 통깨, 쪽파를 뿌려 맛있게 즐겨주세요.']"
고추전,"['고추', '다진 돼지고기', '두부', '양파', '부침가루', '달걀', '고추', '굴소스', '청주', '다진마늘', '생강가루', '참기름', '소금', '후추', '달걀', '부침가루', '진간장', '물', '설탕', '식초', '양파', '고추']","['7~8개', '150g', '1/2모(150g)', '1/4개', '1큰술', '1개', '1개', '1큰술', '1/2큰술', '1/2큰술', '약간', '약간', '약간', '약간', '1개', '3큰술', '2큰술', '1큰술', '1큰술', '1큰술', '약간', '약간']","['양파는 곱게 다지고 홍고추는 송송 썰어 준비해 주세요. 두부는 칼등으로 으깨 주세요.(tip. 수분이 많은 두부의 경우 물기를 꽉 짜주세요)', '볼에 다진 돼지고기와 양파, 두부, 계란 흰자, 부침가루 1큰술과 양념 재료를 넣고 버무려 완성해 주세요. (tip. 계란 노른자는 반죽 재료로 써주세요)', '아삭이고추는 길게 반으로 갈라 속을 털어주세요.', '아삭이고추의 안쪽 부분에 튀김가루를 묻힌 후 속 재료를 넣어주세요. (tip. 속 재료를 꾹꾹 눌러 잘 고정시켜주세요)', '아삭이고추 윗면에 부침가루를 살짝 뿌린 후 반죽 면에만 달걀물을 묻혀주세요.', '법랑 접시에 유산지를 깔고 식용유를 충분히 두른 후 고추의 반죽 부분이 아래를 향하도록 올려주세요. 법랑 접시를 3단에 넣고 광파오븐 수동 요리 <구이>에서 10분간 구워주세요.', '고추전을 초간장과 함께 맛있게 즐겨주세요.']"
곤드레 버섯 솥밥,"['쌀', '곤드레', '새송이버섯', '들기름', '육수', '들기름', '간장', '간장', '맛술', '올리고당', '고춧가루', '다진마늘', '청양고추', '참기름', '깨']","['2컵', '한 줌 (30g)', '1개', '1큰술', '2컵', '2큰술', '1큰술', '3큰술', '1큰술', '1작은술', '1작은술', '½작은술', '½큰술', '1큰술', '약간']","['쌀은 깨끗이 씻어 30분 정도 불려주세요.', '건 곤드레는 찬물에 담가 30분~1시간 정도 불려주세요. 불린 곤드레는 끓는 물에 부드럽게 데쳐주세요.', '새송이버섯은 1cm 두께의 동그란 모양으로 잘라주세요. 볼에 양념간장 재료를 넣어 양념장을 만들어주세요.', '데친 곤드레는 물기를 짠 후 적당한 크기로 잘라 볼에 담아주세요. 밑간 재료를 넣어 조물조물 밑간해 주세요.', '달군 냄비에 들기름을 두르고 불린 쌀을 넣어 볶다가 다시마 육수를 부어주세요. 밑간한 곤드레나물과 새송이버섯을 얹고 뚜껑을 닫아 센 불에서 끓여주세요.', '밥물이 끓기 시작하면 불을 약한 불로 줄여 15분 정도 익혀주세요.', '밥이 다 지어지면 5분 정도 뜸을 들인 후 주걱으로 위아래 가볍게 섞고 양념간장을 곁들여 맛있게 즐겨주세요.']"
곤드레전,"['곤드레', '식용유', '소금', '부침가루', '물', '간장', '맛술', '식초', '양파', '고추', '깨']","['200g', '적당량', '약간', '1컵', '1컵', '1큰술', '1/2큰술', '1작은술', '1큰술', '1/2큰술', '약간']","['곤드레는 깨끗이 씻어 4cm 길이로 잘라주세요.', '볼에 반죽 재료와 곤드레를 넣고 섞어주세요. (tip. 반죽에 전분을 넣어 만들면 반죽이 투명해져서 곤드레의 색감을 살릴 수 있어요)', '볼에 양념장 재료를 넣어 섞어주세요.', '달군 팬에 약간의 기름을 두른 후 반죽을 올려 얇게 펼쳐주세요. 앞뒤로 노릇하게 구워주세요.', '곤드레 전에 양념장을 곁들여 맛있게 즐겨주세요.']"
굴순두부찌개,"['굴', '순두부', '달걀', '애호박', '양파', '대파', '청양고추', '고추', '물', '고춧가루', '식용유', '국간장', '다진마늘', '설탕', '소금', '후추', '소금', '식초']","['130g', '350g', '1개', '120g', '50g', '20g', '1개', '1개', '800ml', '2큰술', '3큰술', '2큰술', '1큰술', '½큰술', '½큰술', '1작은술', '1큰술', '2큰술']","['대파, 청양고추, 홍고추를 어슷하게 썰어주세요.', '양파는 채 썰고 애호박은 1cm 두께로 슬라이스한 뒤 반으로 잘라주세요.', '순두부는 1.5cm 두께로 동그랗게 자른 뒤 30분 정도 물기를 빼주세요.*Tip. 순두부를 바로 사용하면 수분이 생겨 간을 맞추기 어렵고 맛이 없어지니 꼭 수분을 빼고 넣어주세요!', '약불로 달군 냄비에 식용유를 두르고 대파와 고춧가루를 넣어 1분 정도 볶아 고추기름을 내주세요.', '물을 넣고 3분 정도 끓인 뒤 국간장, 마늘, 설탕, 소금, 후추를 넣고 2분 정도 더 끓여주세요.', '애호박, 양파, 대파, 청양고추, 홍고추를 넣고 1분 정도 끓여주세요.', '순두부를 넣고 달걀을 풀어서 넣어주세요.', '분량의 세척 재료로 잘 세척한 굴을 넣고 3분 정도 더 끓여주세요.', '향긋한 굴내음과 부드러운 순두부를 음미하며 맛있게 즐기세요!']"
근대 된장국,"['근대', '양파', '청양고추', '대파', '된장', '고춧가루', '다진마늘', '육수']","['200g', '1/4개', '1개', '1/2대', '2큰술', '1큰술', '1큰술', '4컵']","['깨끗이 씻은 근대는 먹기 좋은 크기로 썰어 준비해 주세요.', '양파는 얇게 썰고 청양고추와 홍고추를 송송 썰어주세요. 대파는 어슷 썰어주세요.', '냄비에 멸치 다시마 육수를 넣고 된장을 풀어주세요. 양파를 넣고 끓이다가 근대와 청양고추, 고춧가루, 다진 마늘, 대파를 넣고 팔팔 끓여주세요. 완성된 근대 된장국을 그릇에 담아 맛있게 즐겨주세요.(tip. 부족한 간은 소금을 가감해 조절해 주세요)']"
김국,"['김', '대파', '다진마늘', '진간장', '물', '건새우', '소금', '참기름']","['6장', '¼대', '⅓큰술', '1큰술', '4컵', '10개', '약간', '약간']","['1. 살짝 구운 김은 굵게 부수고, 대파는 송송 썰어서 준비해 주세요.', '2. 냄비에 물 4컵과 건새우를 넣고 물이 끓어오르면 김, 대파, 다진마늘, 진간장을 넣어 김이 풀어질 때까지 끓여주세요.', '3. 소금으로 간을 맞춘 후 불을 끄고 참기름을 약간 넣어 완성해 주세요.*Tip. 김을 구워서 끓여야 더 고소하고 비릿한 맛도 줄어든답니다. 취향에 따라 달걀을 넣어서 별미로 즐길 수도 있고, 김의 향을 더욱 살리고 싶다면 김을 요리 마지막에 넣고 끓여주시면 좋아요!']"
김치 비빔 국수,"['김치', '중면', '오이', '깨', '고추장', '식초', '올리고당', '간장', '설탕', '맛술', '참기름', '후추']","['2컵', '200g', '1/2개', '약간', '2큰술', '2큰술', '2큰술', '1큰술', '1큰술', '1큰술', '1큰술', '약간']","['오이는 가늘게 채 썰고 김치는 굵게 다져주세요.', '볼에 다진 김치와 양념재료를 넣고 섞어주세요.', '끓는 물에 중면을 펼쳐 넣고 면끼리 달라붓지 않도록 저어주세요. 물이 끓어오르면 찬물을 2~3회 반복해서 부어 국수를 삶아주세요. 흐르는 찬물에 중면을 여러 번 씻어 전분기를 없애고 체반에 밭쳐 물기를 빼주세요.', '양념장에 삶은 국수를 넣고 버무려주세요.', '접시에 비빔국수를 담고 삶은 달걀과 오이채, 깨를 올려주세요.']"
김치말이두부찜,"['김치', '두부', '느타리버섯', '양파', '대파', '육수', '들기름', '국간장', '된장', '고춧가루', '김치', '다진마늘', '설탕', '후추']","['½포기', '1모', '100g', '½개', '½대', '2+½컵', '2큰술', '1큰술', '½큰술', '1큰술', '⅓컵', '1큰술', '1작은술', '약간']","['양파는 굵게 채 썰고, 대파는 어슷하게 썰어주세요. 느타리버섯은 밑동을 자르고 먹기 좋게 찢고 두부는 손가락 두께로 잘라주세요. 볼에 양념 재료를 넣고 섞어주세요. (tip. 김치의 염도에 따라 김치 국물의 양을 가감해 주세요.)', '달군 팬에 들기름 1큰술을 두르고 두부를 돌려가며 노릇하게 구워주세요.', '김치를 넓게 깔고, 구운 두부를 올려 돌돌 말아주세요.', '냄비에 들기름 1큰술을 두르고 대파(1/2분량)을 넣어 볶다가 파의 향이 올라오면 느타리버섯과 양파를 넣어 볶아주세요. 김치말이두부와 양념, 채수를 넣고 중불에서 25분 정도 끓여주세요. (tip. 김치말이두부의 이음새 부분이 냄비의 바닥이 가도록 놓아야 풀리지 않아요. 채수를 넣을 때는 냄비의 가장자리부터 천천히 부어주세요. 기호에 따라 끓이는 중간에 채수를 가감해서 국물의 양을 조절해 주세요.)', '김치가 부드럽게 익으면 기호에 따라 부족한 간은 소금을 가감해서 조절한 후 나머지 대파 반을 올려 맛있게 즐겨주세요.']"
깻잎장아찌,"['깻잎', '청양고추', '고추', '식초', '소금', '물', '진간장', '설탕', '다시마']","['20묶음(약 180장,250g)', '2개', '1개', '80ml', '약간', '500ml', '200ml', '120g', '1장(10*10cm)']","['소금 1작은술을 물에 녹인 후 깻잎을 넣고 2~3분 두었다가 흐르는 물에 깨끗이 씻어주세요.', '물기를 제거한 깻잎은 꼭지 부분을 가위로 정리해 주세요. (tip. 깻잎 꼭지는 1cm정도 남기는 것이 좋아요)', '끓는 물에 소금 1꼬집을 넣고 깻잎을 3~40초 정도 데쳐주세요. 데친 깻잎은 채반에서 열기를 식혀주세요. (tip. 깻잎이 흐트러지지 않도록 한 묶음씩 나눠 데쳐주세요)', '고추는 꼭지를 떼고 길게 반으로 갈라 씨를 제거하고 어슷하게 썰어주세요. (tip. 고추씨를 제거하면 장아찌 국물이 지저분해지지 않아요)', '냄비에 간장 물 재료를 넣고 끓여주세요. 간장물이 끓어오르기 시작하면 바로 불을 끄고 다시마는 건져내고 식초를 넣고 잘 저어주세요. (tip. 완성된 간장물은 미지근하게 식혀 주세요)', '밀폐 용기에 데친 깻잎과 고추를 담고 식힌 양념장을 부어주세요. 깻잎이 양념에 잠기도록 무거운 접시나 돌로 누른 후 뚜껑을 덮어 반나절 정도 숙성 시켜주세요.', '완성된 깻잎 장아찌를 밥과 함께 맛있게 즐겨주세요.']"
꼬막장,"['꼬막', '청주', '대파', '양파', '청양고추', '고추', '깨', '간장', '고춧가루', '맛술', '설탕', '올리고당', '생강즙', '다진마늘', '참기름', '깨', '후추']","['1kg', '2큰술', '½대', '¼개', '2개', '1개', '약간', '4큰술', '2큰술', '1큰술', '1작은술', '1큰술', '1큰술', '1큰술', '1큰술', '1작은술', '약간']","['해감한 꼬막은 깨끗이 비벼 씻어주세요. 끓는 물에 청주를 넣어 온도를 떨어뜨린 다음 꼬막을 넣고 한쪽으로 저어주면서 삶다가 입이 벌어지기 시작하면 체로 건져주세요.(꼬막은 삶을 때 한 방향으로 저어가며 삶아야 살이 한쪽으로 쏠려 껍질을 제거하기 편해요)', '삶은 꼬막은 살만 발라주세요. 볼에 양념 재료를 넣어 섞어주세요.(꼬막 삶은 물은 버리지 말고 해감이 덜 된 꼬막살을 씻어주세요)', '대파와 청고추는 송송 썰고, 홍고추는 반으로 갈라 씨를 뺀 후 얇게 썰어주세요. 양파는 잘게 다져주세요', '볼에 양념과 썰어둔 야채, 꼬막살을 넣어 버무려주세요.', '접시에 담아 통깨를 뿌려 맛있게 즐겨주세요.']"
낙지 초무침,"['낙지', '양파', '미나리', '청양고추', '고추', '당근', '소금', '고추장', '고춧가루', '매실청', '설탕', '식초', '다진마늘', '참기름', '깨']","['300g', '⅓개', '한 줌 (40g)', '1개', '½개', '⅓개', '½큰술', '2큰술', '1큰술', '1큰술', '1큰술', '3큰술', '½큰술', '½큰술', '약간']","['양파는 채를 썰고 미나리와 당근은 5cm 길이로 먹기 좋게 썰어주세요. 청홍고추는 어슷하게 썰어주세요.', '볼에 양념 재료를 넣어 섞어주세요.', '끓는 물에 소금을 넣고 낙지를 살짝 데친 후 얼음물에 넣어 식힌 후 체에 밭쳐 물기를 빼주세요.(Tip.얼음물에 넣게 되면 쫄깃함과 탱글탱글함이 더해져요)', '큰 볼에 손질한 야채와 낙지, 양념장을 넣어 가볍게 버무려주세요.', '접시에 담은 후 통깨를 뿌려 맛있게 즐겨주세요.']"
냉이 차돌박이 솥밥,"['냉이', '차돌박이', '쌀', '육수', '간장', '다진마늘', '올리고당', '참기름', '후추', '양파', '쪽파', '간장', '맛술', '다진마늘', '참기름', '매실청', '깨']","['한 줌 (200g)', '200g', '2컵 (360g)', '2컵', '1큰술', '1큰술', '2큰술', '½큰술', '약간', '¼ 개', '2줄기', '2큰술', '1큰술', '½큰술', '½큰술', '½큰술', '약간']","['쌀을 씻어 30분 정도 불린 후 체에 받쳐 물기를 빼주세요.(tip. 기호에 따라 쌀과 찹쌀을 섞어 만들어도 좋아요)', '냉이는 뿌리를 깨끗이 다듬어 씻어주세요. 뿌리와 잎 사이를 잘라 2등분 한 후 뿌리는 1센치 길이로 썰고 잎은 2~3등분해 주세요.', '차돌박이는 키친타올에 올려 핏물을 제거한 후 차돌박이 양념에 넣어 10분 정도 재워주세요.', '달군 팬에 양념에 재워둔 차돌박이를 넣고 4~5분간 볶은 후 접시에 덜어주세요.', '냄비에 불린 쌀과 다시마 육수를 넣고 손질해둔 냉이 뿌리를 넣고 뚜껑을 닫아 중불에서 5분간 끓여주세요. (tip. 냉이의 잎보다 뿌리가 더 질기기 때문에 뿌리를 먼저 넣어 밥을 지으면 더욱 부드럽게 드실 수 있어요)', '밥물이 끓어오르면 약불로 줄여 15분 정도 익혀주세요. 냉이 잎과 차돌박이를 밥위에 얹고 다시 5분간 익혀주세요. 솥밥의 불을 끄고 5분간 뜸을 들여주세요.(tip. 밥이 거의 익을 때 쯤 냉이 잎을 넣어주면 냉이의 향이 살아있어 더욱 향긋하게 드실 수 있어요)', '완성된 솥밥에 양념 간장을 곁들여 맛있게 즐겨주세요.']"
단감 깍두기,"['감', '대파', '쪽파', '깨', '멸치액젓', '다진마늘', '고춧가루', '매실청']","['600g', '⅓대', '한 줌 (60g)', '약간', '2큰술', '1큰술', '3큰술', '1작은술']","['깨끗이 씻은 단감은 껍질을 얇게 깎아내고 씨를 제거한 후 먹기 좋게 깍둑 썰어주세요.', '대파는 반으로 갈라 1cm 길이로 썰고, 실파는 2cm 길이로 썰어주세요.', '볼에 손질한 단감과 대파, 쪽파를 넣고 양념 재료를 넣어 버무려주세요. 통깨를 넣고 한 번 더 버무려 완성해 주세요.', '그릇에 담고 맛있게 즐겨주세요.']"
달걀 간장 비빔국수,"['달걀', '소면', '쪽파', '깨', '진간장', '올리고당', '다진마늘', '설탕', '참기름', '후추', '깨']","['2개', '200g', '½대', '약간', '2큰술', '1큰술', '½작은술', '1작은술', '1큰술', '약간', '약간']","['냄비에 달걀이 잠길 정도의 물을 부은 후 소금과 식초, 달걀을 넣어 약 8~9분 반숙 상태로 삶아주세요. 삶은 달걀은 찬물에 담가 껍질을 벗겨주세요.(실온 상태의 달걀을 사용해야 터지지 않게 삶을 수 있어요)', '쪽파는 얇게 송송 썰어주세요. 볼에 국수 양념 재료를 넣어 섞어주세요.', '끓는 물에 소면을 펼쳐 넣고 젓가락으로 저어 면끼리 달라붙지 않도록 저어주고 물이 끓어오르면 찬물 반 컵을 2~3회 반복해서 부어 국수를 삶아주세요. 흐르는 찬물에 소면을 여러 번 씻어 전분기를 없애고 체에 받쳐 물기를 빼주세요.', '큰 볼에 삶은 국수와 국수 양념장, 송송 썬 파를 넣어 골고루 섞어주세요. (기호에 따라 청양고추를 송송 썰어 넣으면 매콤한 맛으로 즐기실 수 있어요)', '그릇에 간장 비빔국수를 담은 후 달걀을 반으로 잘라 얹어주세요. 통깨를 뿌려 맛있게 즐겨주세요.']"
달걀 만두,"['달걀', '당면', '대파', '당근', '식용유', '진간장', '참기름', '설탕', '후추', '소금', '진간장', '청양고추', '고춧가루', '식초', '설탕', '맛술', '깨']","['4개', '한 줌(100g)', '½대(쪽파, 부추로 대체 가능)', '?개', '적당량', '1큰술', '1큰술', '½큰술', '약간', '약간', '1큰술', '1큰술', '1작은술', '½큰술', '½큰술', '½큰술', '약간']","['당면은 끓는 물에 5분 정도 삶아 찬물에 헹궈주세요. 체에 밭쳐 물기를 뺀 후 먹기 좋은 크기로 잘라주세요.(tip. 당면을 찬물에 헹궈주면 더욱 쫄깃쫄깃한 식감으로 드실 수 있어요)(tip. 도마와 칼 대신 가위를 사용하면 더욱 수월하게 자를 수 있답니다)', '당면에 양념재료를 넣고 섞어주세요.', '대파와 당근은 잘게 다져주세요.', '당면이 담긴 볼에 대파와 당근을 넣고 섞어주세요.', '달걀을 넣어 섞어주세요. 볼에 양념장 재료를 넣어 섞어주세요.', '달군 팬에 오일을 두른 후 한 국자씩 떠서 팬에 올려주세요.(tip.반으로 접어서 익히는 거라 반죽을 얇게 펴서 올려주고, 원형보다 타원형 모양으로 올려 만드시는 것이 좋아요)(tip. 4구 에그팬에 만들면 더욱 쉽고 예쁜 모양으로 만들 수 있어요)', '다 익기 전에 반으로 접어 앞뒤로 노릇하게 구워주세요.', '양념장과 곁들여 맛있게 즐겨주세요.(기호에 따라 케찹에 찍어 드셔도 맛있게 드실 수 있어요)']"
닭가슴살 깻잎전,"['닭가슴살', '새우', '대파', '다진마늘', '부추', '고추', '고추', '깻잎', '간장', '식용유', '밀가루', '달걀', '소금']","['1쪽', '5마리', '¼대', '1큰술', '10g', '1개', '1개', '8장', '⅓큰술', '2큰술', '약간', '1개', '약간']","['1. 닭가슴살, 새우살은 한 입 크기로 썰고, 부추, 대파, 청·홍고추는 작게 썰어 준비해 주세요.', '2. 닭가슴살과 새우살은 블렌더나 핸드믹서로 곱게 갈아주세요.', '3. 2에 부추, 대파, 마늘, 청·홍고 추, 간장을 넣고 골고루 섞어 반죽해 주세요.', '4. 깻잎의 양쪽 면에 밀가루를 가볍게 묻힌 뒤 털어주시고, 3의 반죽을 8개로 나누어서 깻잎 사이에 채워 넣어주세요.', '5. 달걀에 소금을 약간 넣고 잘 풀어준 뒤, 속을 채운 깻잎에 달걀물을 골고루 입혀주세요.', '6. 달군 팬에 포도씨유를 두르고 깻잎을 앞뒤로 뒤집어가며 고르게 익혀주세요. 속까지 잘 익혀야 하므로 중불로 부쳐주세요.', '7. 완성된 깻잎전을 접시에 예쁘게 담아주세요.*Tip. 새우는 다져서 넣기 전에 등쪽의 검은 실처럼 보이는 내장을 제거해주세요.전은 기름을 넉넉히 두르고 부쳐야 풍미가 살아난답니다.']"
당근 김밥,"['당근', '달걀', '밥', '김밥 김', '식용유', '소금', '다진마늘', '참기름', '소금', '참기름', '깨']","['3~4개', '5개', '2공기', '3장', '약간', '약간', '1큰술', '2큰술', '½작은술', '½큰술', '약간']","['깨끗이 씻은 당근은 채칼로 채를 썰어주세요.', '팬에 기름을 2큰술 두르고 채를 썬 당근을 넣어 볶다가 소금을 넣어 간을 해주세요.', '반쯤 볶아진 당근에 다진 마늘과 참기름을 넣어 1~2분간 볶은 후 불을 끄고 식혀주세요.', '볼에 달걀을 풀고 소금을 넣어 섞은 후 체에 걸러주세요.', '달군 팬에 기름을 약간 두르고 달걀물을 넣어 3~4번 말아주세요.', '식힌 달걀말이는 길게 어슷하게 썰어 하트모양이 되도록 겹쳐주세요.', '밥에 밥 양념 재료를 넣고 섞어주세요.', '김밥 김에 밥을 얇게 펼치고 볶은 당근과 달걀을 넣고 말아주세요.', '먹기 좋게 썰어 그릇에 담고 통깨를 뿌려주세요.']"
당근전,"['당근', '전분', '소금', '식용유']","['2개(320g)', '3큰술', '두 꼬집', '약간']","['깨끗이 씻은 당근은 채칼로 채를 썰어주세요. (tip. 당근은 최대한 길게 채 썰어주어야 예쁜 모양으로 완성된답니다)', '볼에 당근을 담아 소금을 넣고 잘 섞어준 후 전분가루를 넣어 골고루 섞어주세요.', '달군 팬에 식용유를 두르고 당근을 올려 둥글게 모양을 만들어 주세요. 한쪽 면이 잘 익으면 뒤집어 다른 면도 익혀 주세요.', '노릇하게 익은 당근전을 그릇에 담아 맛있게 즐겨주세요.']"
대패삼겹살고추장찌개,"['대패삼겹살', '감자', '양파', '느타리버섯', '대파', '청양고추', '고추', '물', '고춧가루', '설탕', '국간장', '고추장', '다진마늘', '참기름', '식용유']","['200g', '250g', '80g', '65g', '20g', '1개', '1개', '100ml', '1큰술', '1큰술', '3큰술', '1큰술', '1큰술', '1큰술', '2큰술']","['대파는 1cm 크기로 송송 썰고 청양고추, 홍고추는 어슷하게 썰어주세요.', '양파는 채 썰고 감자는 껍질을 벗기고 2cm 두께로 슬라이스한 뒤 2등분 해주세요.', '느타리버섯은 흐르는 물에 잘 씻고 밑동을 잘라주세요.', '달군 냄비에 식용유를 두르고 대파를 넣어 파기름을 낸 뒤 대패삼겹살을 넣어 2~3분 정도 볶아주세요.*Tip. 고기류는 미리 한 번 볶는 게 좋고 노릇하게 오랫동안 볶는 게 포인트예요!', '대패삼겹살이 노릇하게 익으면 고춧가루를 넣고 30초 정도 볶아주세요.*Tip. 고춧가루를 넣으면 고추기름이 생기면서 고기에 간이 배어요!', '물을 넣고 보글보글 끓어오르면 감자를 넣어 1분 정도 끓여주세요.', '설탕, 국간장, 고추장, 마늘, 참기름을 넣고 1분 정도 끓여주세요.', '느타리버섯, 양파, 청양고추, 홍고추를 넣고 감자가 익을 때까지 4분 정도 더 끓이면 완성이예요.']"
대패삼겹살된장찌개,"['대패삼겹살', '무', '애호박', '청양고추', '고추', '대파', '두부', '양파', '표고버섯', '쌀', '국간장', '다진마늘', '고추장', '된장', '고춧가루']","['130g', '40g', '45g', '1개', '1개', '15g', '45g', '60g', '1개', '500ml', '1큰술', '1큰술', '1큰술', '2큰술', '1큰술']","['무와 애호박은 1cm 두께로 슬라이스한 뒤 무는 4등분하고 애호박은 2등분 해주세요.', '청양고추와 홍고추, 대파는 어슷하게 썰어주세요.', '두부는 5cm 정도 크기로 네모나게 자르고 양파, 표고버섯은 1cm 크기로 채썰어주세요.*Tip. 표고버섯을 넣으면 국물 맛이 더 진하고 감칠맛이 난답니다!', '냄비에 대패삼겹살을 넣고 약중불에서 2분 정도 볶아주세요.', '무를 넣어 볶다가 무가 투명해지면 쌀뜨물을 넣고 센불에서 3분 정도 끓여주세요.*Tip. 멸치, 다시마를 넣어 국물을 내도 좋지만 쌀뜨물을 사용하면 더 구수하면서 담백해요.', '팔팔 끓으면 국간장, 마늘, 고추장, 된장, 고춧가루를 넣고 한소끔 끓여주세요. 거품이 생기면 걷어내주세요.', '애호박, 청양고추, 홍고추, 대파, 두부, 양파, 표고버섯을 넣고 2분 정도 더 끓여주세요.', '그릇에 덜어 맛있게 즐겨보세요!']"
도토리묵,"['도토리가루', '물', '소금', '들기름', '진간장', '다진마늘', '고춧가루', '청양고추', '참기름', '설탕', '깨', '후추']","['1컵', '6컵', '1/2큰술', '1큰술', '4큰술', '1작은술', '1큰술', '2큰술', '1큰술', '1/2큰술', '약간', '약간']","['볼에 도토리가루와 물을 넣고 거품기로 잘 섞어주세요.', '섞은 재료를 냄비에 담고 센불에서 한방향으로 빠르게 저어가며 끓여주세요.', '재료가 응고되면서 기포가 끓어오르기 시작하면 불을 약불로 줄이고 15분간 천천히 저어주세요.', '들기름과 소금을 넣고 다시 5분간 천천히 저어주세요. (tip. 들기름을 넣으면 묵에서 윤기가 나고 더욱 고소해요. 들기름이 없다면 참기름이나 일반 식용유를 사용해도 좋아요)', '완성된 도토리묵은 밀폐용기나 굳힐수있는 적당한 크기의 용기에 붓고 상온에서 식혀주세요.', '굳힌 도토리묵을 먹기 좋게 썰어주세요.(tip. 도토리묵은 밀폐하여 냉장 보관하면 3~4일간 보관이 가능해요) (tip. 물을 넣어 함께 보관하면 수분이 증발하는것을 막아줘요. 또한 굳은 묵은 끓는물에 3분간 데쳐 사용하면 더욱 부드럽게 즐길 수 있어요)', '볼에 양념장 재료를 넣고 섞어주세요. 양념장을 곁들여 맛있게 즐겨주세요.']"
돼지고기 김치찜,"['삼겹살', '김치', '대파', '고추', '청양고추', '육수', '김치', '맛술', '고춧가루', '설탕', '다진마늘', '후추']","['600g', '⅓포기', '½대', '1개', '1개', '5컵', '1컵', '2큰술', '1큰술', '1큰술', '1큰술', '약간']","['김치는 속 재료를 털어내고 꼭지를 붙인 채 3등분 하여 썰어주세요. 볼에 양념장 재료를 넣고 섞어 양념장을 만들어주세요.(tip 김치의 숙성 정도에 따라 설탕을 가감해 주세요.)', '삼겹살은 큼직하게 자르고 대파와 고추는 어슷하게 썰어주세요.', '냄비에 김치를 담고 삼겹살을 올린 후 양념장과 멸치 다시마 육수 3컵을 넣고 끓기 시작하면 불을 중간 불로 줄여 40분 정도 끓여주세요.(tip 끓이는 중간 뚜껑을 열어 김치가 바닥에 눌어붙지 않도록 저어가며 끓여주세요.)', '나머지 멸치 다시마 육수 2컵을 끓이는 중간에 추가로 넣고 국물이 자작해지고 김치와 삼겹살이 부드럽게 익을 때까지 20분 정도 끓여주세요.(tip 부족한 간은 김치 국물을 가감해서 조절해 주세요.)', '마지막에 대파와 홍고추, 청양고추를 넣고 한소끔 끓인 후 삼겹살을 먹기 좋은 크기로 잘라 김치에 올려 맛있게 즐겨주세요.']"
돼지고기 무 수분 수육,"['삼겹살', '대파', '사과', '양파', '마늘', '생강', '후추', '월계수잎', '청주', '된장', '맛술', '간장', '두반장', '설탕', '다진마늘', '식초', '고추기름']","['500g', '1대', '½개', '1개', '5쪽', '1쪽', '8알', '2장', '1큰술', '1큰술', '1큰술', '1큰술', '½큰술', '½큰술', '½큰술', '½큰술', '1작은술']","['사과는 씨를 제거하고 대파, 양파와 함께 큼직하게 자르고, 마늘과 생강은 편으로 썰어주세요. 볼에 소스 재료를 넣어 고루 섞어주세요.', '돼지고기는 3등분으로 자르고 고기 밑간 재료를 겉면에 발라 준비해 주세요.', '바닥이 두툼한 냄비에 사과와 양파를 깔고 돼지고기와 대파, 마늘, 생강, 통후추, 월계수잎, 청주를 넣고 뚜껑을 닫아 2분 정도 익히다가 불을 중약불로 줄여 1시간 정도 익혀주세요.(tip. 중간에 뚜껑을 열고 돼지고기를 뒤집어가며 고르게 익혀주세요.)', '불을 끄고 뚜껑을 닫은 채로 20분 정도 뜸을 들여주세요.', '돼지고기를 먹기 좋게 한 입 크기로 썰고 소스를 곁들여 맛있게 즐겨주세요.']"
돼지고기 수육 양념 조림,"['삼겹살', '대파', '부추', '양파', '김치', '물', '된장', '청주', '대파', '양파', '사과', '마늘', '생강', '후추', '건고추', '월계수잎', '물', '맛술', '간장', '굴소스', '설탕', '물엿', '고춧가루', '생강가루', '간장', '식초', '설탕', '참기름', '깨']","['800g', '¼단', '반 줌', '⅓개', '적당량', '6컵', '1큰술', '¼컵', '1대', '½개', '½개', '5쪽', '1톨', '10알', '1개', '2장', '⅓컵', '4큰술', '2큰술', '1큰술', '1큰술', '1큰술', '1큰술', '한 꼬집', '1큰술', '1큰술', '½큰술', '1작은술', '약간']","['냄비에 물과 삶는 물 재료를 넣고 끓어오르면 삼겹살을 2등분해서 넣은 후 1시간 정도 삶아주세요.', '대파와 양파는 곱게 채를 썰고 부추는 4cm 길이로 썰어주세요. 묵은지는 물에 헹군 후 물기를 빼고 먹기 좋게 썰고 볼에 파무침 소스를 넣고 고루 섞어 소스를 만들어주세요.', '팬에 조림장 재료를 넣고 팔팔 끓으면 삶은 삼겹살을 넣은 후 앞뒤로 뒤집어 가며 윤기나게 조려주세요.', '고기를 먹기 좋게 한 입 크기로 썰어 접시에 담아주세요.', '파채와 양파, 부추를 무침 소스를 넣어 가볍게 섞고 묵은지 또는 명이나물 등을 곁들여 맛있게 즐겨주세요.']"
된장찌개,"['된장', '물', '다진마늘', '멸치', '애호박', '양파', '감자', '대파', '청양고추', '고추', '두부']","['2큰술', '2컵', '1/2작은술', '4마리', '1/2개', '1/4개', '1/2개', '1/4대', '1개', '1/2개', '1/2모']","['애호박, 양파, 감자, 두부는 먹기 좋은 크기로 잘라 준비해주세요. 청양고추, 홍고추, 대파는 어슷 썰어주세요. (tip. 감자를 넣으면 국물이 전분기로 인해 끈적해질 수 있어요. 전분기가 싫다면 감자를 찬물에 10분 정도 담근 후 사용해 주세요)', '냄비에 육수용 멸치를 넣고 약불에서 2~3분 정도 볶다가 쌀뜨물을 붓고 끓여주세요. (tip. 멸치는 통으로 사용해도 괜찮지만, 취향에 따라 머리와 내장, 가시를 제거하고 사용해주세요)', '육수가 끓으면 감자를 넣고 1분간 끓이다가 양파, 애호박, 간마늘, 된장을 넣고 5분간 끓여주세요. 마지막으로 대파, 청양고추, 홍고추를 넣어 끓이다가 두부를 넣고 1분간 끓여 완성해주세요.(tip. 된장에 따라 간이 다를 수 있으니 양을 조절해주세요)']"
두부소박이,"['두부', '다진 소고기', '표고버섯', '오이', '다진마늘', '당근', '소금', '식용유', '부침가루', '쪽파', '간장', '참기름', '후추', '고추장', '간장', '설탕', '참기름', '물', '후추']","['1모 (300g)', '70g', '2개', '½개', '½큰술', '¼개', '약간', '약간', '½컵', '약간', '1작은술', '½작은술', '약간', '½큰술', '2큰술', '1큰술', '½큰술', '2큰술', '약간']","['두부는 키친타월에 올려 물기를 제거한 후 6등분 내주세요. 가운데 칼집을 넣고 소금으로 밑간을 해주세요.', '쇠고기는 밑간 재료에 10분간 재워주세요. 오이, 표고, 당근은 같은 길이로 얇게 채 썰어주세요.', '달군 팬에 기름을 약간 두른 후 당근, 오이, 표고를 넣고 소금으로 간을 해 볶아 접시에 덜어주세요.', '채소를 볶은 팬에 다진 마늘을 넣어 볶다가 쇠고기를 넣어 볶아주세요.', '달군 팬에 기름을 두르고 칼집을 넣은 두부를 노릇하게 구워주세요.(칼집을 넣은 면은 제외하고 나머지 면만 구워주세요)', '구운 두부에 볶은 쇠고기와 채소를 채워주세요. 팬에 양념재료를 넣고 끈적한 농도가 날 때 까지 졸여 소스를 완성해 주세요.(기호에 따라 두부 겉면에 부침가루를 약간 묻혀 구워도 좋아요)', '접시에 두부소박이를 담고 소스를 곁들여 맛있게 즐겨주세요.(기호에 따라 송송 썬 고추나 쪽파, 통깨를 뿌려 장식해 주세요)']"
들깨감잣국,"['감자', '대파', '멸치', '다시마', '물', '들깨가루', '들기름', '다진마늘', '국간장', '소금']","['3개(250g)', '20g', '10g', '2장', '800ml', '2큰술', '½큰술', '1큰술', '2큰술', '1작은술']","['멸치, 다시마는 다시백에 넣어주세요.', '대파는 잘 씻어서 1cm 두께로 송송 썰어주세요.', '감자는 껍질을 벗기고 3cm 크기로 깍둑 썰어주세요.', '냄비에 물과 순서 1의 다시백을 넣고 5분 정도 끓여 국물을 낸 뒤 건져주세요.', '감자를 넣고 3분 정도 끓이다가 들깨가루, 들기름, 마늘, 국간장, 소금을 넣고 2분 정도 끓여주세요.', '감자가 다 익으면 대파를 넣고 2분 정도 더 끓여주세요.', '그릇에 덜어 따뜻할 때 맛있게 드셔보세요!']"
들깨무채국,"['무', '육수', '다진마늘', '들기름', '들깨가루', '국간장', '소금']","['¼개(150g)', '700ml', '⅓술', '2술', '2술', '1술', '약간']","['냄비에 들기름을 두른 뒤 채 썬 무와 다진 마늘을 넣고 약불에서 5분 볶아주세요.', '멸치·다시마 육수를 넣고 강불에서 4분 끓인 뒤 들깨가루, 국간장, 소금을 넣고 중약불에서 6분 더 끓여주세요.', '어슷하게 썬 대파를 넣고 중약불에서 2분 더 끓여주세요.', '따끈할 때 맛있게 드세요!']"
땡초김밥,"['청양고추', '당근', '어묵', '밥', '김밥 김', '깨', '참기름', '식용유', '마요네즈', '굴소스', '간장', '다진마늘', '올리고당', '맛술']","['10~12개', '¼개', '2장', '2공기', '2장', '약간', '1큰술', '약간', '2큰술', '1큰술', '1큰술', '½큰술', '½큰술', '½큰술']","['고추씨를 제거한 청양고추와 당근, 어묵을 잘게 다져주세요. 각각 따로 블렌더에 넣은 후 곱게 다져 주세요. 볼에 양념 재료를 넣어 섞어주세요.(tip. 블렌더 또는 푸드 프로세서를 이용해 다져도 좋아요)(tip. 기호에 따라 다진 소고기, 돼지고기, 다진 양파, 단무지 등을 넣어 만드셔도 맛있게 드실 수 있어요)', '달군 팬에 오일을 두른 후 당근을 볶다가 어묵과 청양고추를 넣어 볶아주세요.', '양념 재료를 넣어 볶은 후 불을 끄고 밥과 참기름, 통깨를 넣어 섞어주세요.', '김발에 김을 깔고 섞어 둔 밥을 고르게 펼친 후 김밥을 단단하게 말아주세요. (tip.밥의 끝과 김이 맞닿게 말면 더욱더 예쁘게 만들 수 있어요)', '땡초 김밥을 먹기 좋은 크기로 잘라 마요네즈를 곁들여 맛있게 즐겨주세요.']"
떡갈비,"['다진 소고기', '전분', '깨', '대파', '다진마늘', '간장', '맛술', '설탕', '참기름', '후추']","['400g', '2큰술', '약간', '1/2대', '1큰술', '2큰술', '1큰술', '2큰술', '2큰술', '약간']","['소고기는 키친타월에 올려 핏물을 제거하고 대파는 잘게 다져주세요.', '넓은 볼에 대파와 나머지 양념 재료를 넣고 설탕이 녹을 때까지 섞어주세요.', '완성된 양념에 소고기를 넣고 섞은 후 전분을 넣어 반죽의 농도를 맞춰주세요. 65g씩 떼어 둥글린 후 1cm 두께로 빚어주세요.', '구이 전용 팬에 식용유를 바른 후 떡갈비를 올리고 식용유를 약간 발라주세요.', '구이 전용 팬을 4단에 넣고 광파오븐 수동 요리 <구이>에서 12분간 익혀주세요.', '완성된 떡갈비를 접시에 담고 통깨를 뿌려 맛있게 즐겨주세요.']"
만능 땡초장,"['청양고추', '고추', '양파', '다진마늘', '식용유', '육수', '참치액젓', '국간장', '참기름', '깨']","['40개', '4개', '1개', '2큰술', '1큰술', '3컵', '5큰술', '5큰술', '2큰술', '2큰술']","['깨끗이 씻은 고추는 꼭지를 제거하고 잘게 다져주세요. 양파도 다져주세요.(tip. 많은 양을 손질할 때는 장갑을 착용해 주세요)', '팬에 기름을 약간 두른 후 다진 마늘과 양파를 넣어 볶아주세요.', '마늘향이 올라오면 다진 고추를 넣어 볶다가 양념 재료를 넣고 자작하게 끓여주세요.', '완성된 땡초장은 밥이나 국수 등에 곁들여 맛있게즐겨주세요. (tip. 구운 김에 싸 먹거나 호박잎, 양배추 등 쌈 채소에 곁들여도 맛있답니다.)(tip. 한 김 식혀 밀폐 용기에 담아 보관해 주세요. 냉장고에서 한 달 정도 보관이 가능해요)']"
멍게비빔밥,"['멍게', '부추', '청양고추', '밥', '다진마늘', '소금', '참기름', '깨']","['120g', '한 줌(30g)', '1개', '2공기', '1큰술', '1/2작은술', '2큰술', '2큰술']","['손질된 멍게는 먹기 좋은 크기로 잘라주세요.', '쪽파와 청양고추는 송송 썰어주세요.', '볼에 멍게, 양념 재료, 쪽파, 청양고추를 넣어 섞어주세요.', '그릇에 밥을 담은 후 멍게를 듬뿍 올려주세요. (tip. 기호에 따라 김가루를 뿌려 맛있게 즐겨주세요)']"
모둠버섯찌개,"['소고기', '느타리버섯', '팽이버섯', '표고버섯', '양파', '대파', '청양고추', '고추', '국간장', '고추장', '고춧가루', '다진마늘', '설탕', '된장', '참기름', '물']","['300g', '130g', '80g', '4개', '10g', '50g', '1개', '1개', '2큰술', '2큰술', '1큰술', '1큰술', '½큰술', '½큰술', '1큰술', '800ml']","['소고기를 물에 담가 30분 정도 핏물을 빼주세요.', '양파는 채 썰고 대파, 청양고추, 홍고추는 어슷하게 썰어주세요.', '느타리버섯과 팽이버섯은 밑동을 자르고 느타리버섯은 하나씩 떼주세요. 표고버섯은 1cm 두께로 슬라이스해주세요.', '달군 냄비에 참기름을 두르고 소고기를 넣어 1분 정도 볶아주세요.', '소고기가 익으면 물을 넣고 국간장, 고추장, 고춧가루, 마늘, 설탕, 된장을 넣어 5분 정도 끓여주세요.', '팔팔 끓어오르면 느타리버섯, 팽이버섯, 표고버섯, 양파, 대파, 청양고추, 홍고추를 넣고 표고버섯이 익을 때까지 5분 정도 더 끓여주세요.', '완성된 모둠버섯찌개를 그릇에 담아, 쫄깃한 버섯과 깊은 맛의 소고기 국물을 함께 떠서 맛있게 드셔보세요!']"
목살김치찜,"['목살', '김치', '양파', '대파', '고추', '청양고추', '육수', '된장', '김치', '국간장', '맛술', '고춧가루', '설탕', '다진마늘', '후추']","['1kg', '1/2포기', '1/2개', '1대', '1개', '1개', '500ml', '1/2큰술', '1컵', '1큰술', '2큰술', '1큰술', '1큰술', '1큰술', '약간']","['김치는 꼭지를 붙인 채 3등분하여 썰어주세요. 볼에 양념 재료를 넣고 섞어 양념장을 만들어주세요.(tip 김치의 숙성 정도에 따라 설탕을 가감해주세요)', '목살은 큼직하게 자르고, 양파는 굵게 채썰어주세요. 대파와 고추는 어슷하게 썰어주세요.', '냄비에 김치를 담고 목살과 양파를 올린 후 양념장과 멸치다시마육수, 된장을 넣고 끓기 시작하면 불을 중간불로 줄여 1시간 20분 정도 끓여주세요.(tip 끓이는 중간 뚜껑을 열어 김치가 바닥에 눌지 않도록 저어가며 끓여주세요)(tip 부족한 간은 김치국물과 소금을 가감해서 조절해주세요)', '마지막에 대파와 홍고추, 청양고추를 넣고 한소끔 끓인 후 목살을 먹기 좋은 크기로 잘라 김치와 함께 맛있게 즐겨주세요.']"
무 짜글이,"['무', '차돌박이', '대파', '고추', '청양고추', '육수', '된장', '고추장', '다진마늘', '고춧가루']","['⅓개 (600g)', '200g', '½대', '1개', '1개', '2컵', '3큰술', '1큰술', '1큰술', '1작은술']","['차돌박이는 먹기 좋게 자르고 키친타월에 올려 핏물을 빼주세요. 무는 도톰하게 채 썰고 대파, 홍고추, 청양고추는 송송 썰어주세요. 볼에 양념 재료를 넣어 섞어주세요.', '냄비에 차돌박이를 넣고 중간 불에서 볶다가 기름이 나오면 무를 넣고 3분 정도 볶아주세요.', '양념 재료를 넣어 볶다가 다시마 멸치육수를 넣고 국물이 자작하게 될 때까지 중간 불에서 25분 정도 끓여주세요.', '무가 부드럽게 익으면 대파, 홍고추, 청양고추를 넣고 한소끔 더 끓여 맛있게 즐겨주세요. (기호에 따라 된장을 가감해서 간을 맞춰주세요.)']"
묵은지 들기름 볶음,"['김치', '대파', '들기름', '깨', '육수', '들기름', '식용유', '설탕', '참치액젓', '다진마늘']","['¼ 포기(400g)', '¼대', '1큰술', '약간', '1컵', '2큰술', '1큰술', '½큰술', '½큰술', '1작은술']","['묵은지를 찬물에 여러 번 헹궈 속 양념을 털어내고 물기를 제거해 주세요.(tip 묵은지의 염도가 높을 때는 찬물에 20분 정도 담가 짠 기를 빼 주세요)', '묵은지를 먹기 좋게 자르고 대파는 어슷하게 썰어주세요.', '냄비에 들기름과 식용유를 두르고 대파와 다진 마늘을 넣어 볶다가 향이 올라오면 묵은지와 설탕, 참치액젓을 넣어 달달 볶아주세요.', '묵은지에 멸치 다시마 육수를 붓고 뚜껑을 닫은 후 10~12분 정도 묵은지가 투명해질 때까지 중간 불에서 끓여주세요.', '묵은지가 부드럽게 익으면 마지막에 들기름과 통깨를 뿌려 맛있게 즐겨주세요.']"
미더덕 된장찌개,"['미더덕', '무', '애호박', '두부', '양파', '대파', '청양고추', '고추', '육수', '된장', '고춧가루']","['400g', '1토막 (100g)', '½개', '½모', '½개', '½대', '2개', '½개', '600mL', '2큰술', '1작은술']","['깨끗이 씻은 애호박과 양파는 깍뚝 썰어주세요. 무는 나박 썰어주세요. 대파와 청양고추는 송송 썰어주세요. 두부는 한입 크기로 썰어주세요.', '냄비에 멸치 다시마 육수를 붓고 된장을 넣어 풀어 주세요. 국물이 끓으면 썰어둔 무와 호박을 넣어 1분간 끓여주세요.', '양파, 대파, 두부, 청양고추, 고춧가루를 넣고 한소끔 끓인 후 소금물에 깨끗이 씻은 미더덕을 넣어  2~3분간 끓여 완성해 주세요.', '맛있게 즐겨주세요. tip. 미더덕 안에 있는 수분에 입안을 델 수 있으니 아이들과 함께 먹는다면 미더덕을 손질할 때 수분을 터트린 후 사용해주세요. 미더덕의 톡톡 터지는 식감을 좋아하시는 분은 그냥 드셔도 무방하답니다.']"
미더덕 콩나물 찜,"['미더덕', '콩나물', '미나리', '육수', '양파', '대파', '참기름', '깨', '식용유', '고춧가루', '다진마늘', '간장', '맛술', '후추', '전분', '물']","['400g', '500g', '100g', '1컵', '¼개', '½대', '1큰술', '약간', '1큰술', '3큰술', '1큰술', '2큰술', '1큰술', '약간', '1+½큰술', '4큰술']","['깨끗이 씻은 미나리는 5cm 길이로 썰어주세요. 양파는 굵게 채를 썰어 주세요. 대파는 어슷하게 썰어주세요.', '볼에 양념 재료를 넣고 섞어주세요. 볼에 전분 물 재료를 넣어 섞어주세요.', '달군 냄비에 양념장을 넣어 볶다가 깨끗이 씻은 콩나물을 넣어 2분간 볶아주세요.', '소금물에 깨끗이 세척한 미더덕을 넣고 멸치 다시마 육수를 부어가며 2분간 볶아주세요. 양파와 미나리, 대파를 넣고 뚜껑을 덮어 1분간 끓여주세요.', '약불에서 전 분물을 조금 씩 부어가며 골고루 섞어주세요. 완성된 미더덕 콩나물 찜에 참기름을 두른 후 접시에 담아 통깨를 뿌린 후 맛있게 즐겨주세요. (미더덕 안에 있는 수분에 입안을 델 수 있으니 아이들과 함께 먹을 때는 세척 시 수분을 터트린 후 사용하세요. 미더덕의 톡톡 터지는 식감을 좋아하시는 분은 그냥 드셔도 무방하답니다)']"
미소 청국장,"['두부', '애호박', '양파', '청양고추', '대파', '육수', '청국장', '된장', '다진마늘', '고춧가루']","['½모', '⅓개', '¼개', '½개', '1개', '600ml', '1술(25g)', '1술(20g)', '⅓술', '약간']","['냄비에 멸치?다시마 육수를 붓고 청국장, 된장을 잘 풀어 넣은 뒤 강불에서 4분 이상 끓여주세요.', '반달썰기 한 애호박과 깍둑 썬 두부를 넣고 강불에서 끓여주세요. 재료가 어느 정도 익으면 반달썰기 한 양파와 어슷 썬 청양고추 그리고 다진 마늘을 넣고 3분 더 끓여주세요.', '마지막으로 어슷하게 썬 대파와 고춧가루를 넣고 중불에서 3분 더 끓여주세요.', '구수한 향을 음미하며 따뜻할 때 맛있게 드세요!']"
미역오이냉국,"['미역', '물', '오이', '깨', '얼음', '식초', '설탕', '국간장', '소금', '다진마늘']","['100g', '2컵', '1개', '약간', '적당량', '1/2컵', '2큰술', '1/2큰술', '약간', '1/2큰술']","['불린 미역은 물에 30초 정도 데친 후 체에 밭쳐 깨끗이 씻어주세요(tip. 미역은 여러 번 헹궈야 비린내가 나지 않아요)', '물기를 짠 후 먹기 좋은 크기로 잘라주세요.', '볼에 미역을 담은 후 양념 재료를 넣어 골고루 섞어주세요.', '오이는 얇게 슬라이스로 잘라주세요.', '미역이 들어있는 볼에 오이와 물을 넣어 섞어주세요.', '마지막에 얼음, 통깨를 뿌려 완성해주세요.']"
부지깽이 도토리부침개,"['부지깽이', '식용유', '도토리가루', '물', '간장', '식초', '양파', '고추', '깨']","['100g', '적당량', '6큰술', '6큰술', '1큰술', '1작은술', '약간', '약간', '약간']","['부지깽이는 흐르는 물에 헹군 후 3~4cm 길이로 잘라주세요.', '볼에 부지깽이와 반죽 재료를 넣고 섞어주세요.', '달군 팬에 약간의 기름을 두른 후 반죽을 올려 펼쳐주세요. 앞뒤로 노릇하게 구워주세요.', '완성된 부지깽이 도토리부침개를 소스에 찍어 맛있게 즐겨주세요.(tip. 기호에 따라 초고추장에 찍어 먹어도 맛있답니다)']"
불고기 파전,"['불고기용 소고기', '쪽파', '양파', '청양고추', '고추', '달걀', '식용유', '간장', '설탕', '다진마늘', '참기름', '후추', '부침가루', '물']","['200g', '한 줌', '⅓개', '1개', '1개', '1개', '약간', '1+½큰술', '1큰술', '½큰술', '½큰술', '약간', '2컵', '2컵']","['쇠고기는 핏물을 제거하고, 먹기 좋게 썰어 불고기 양념에 10분 정도 재워주세요.', '쪽파는 4cm 길이로 썰고, 양파는 채를 썰어주세요. 청양고추와 홍고추는 얇게 링으로 썰어주세요.', '볼에 반죽 재료와 쪽파, 양파를 넣고 가볍게 섞어주세요.', '달군 팬에 기름을 두르고 반죽을 넣어 펼치고 양념한 쇠고기를 골고루 나누어 올려주세요. 남은 반죽을 2큰술을 쇠고기 위에 올려 구워주세요.', '풀어 놓은 달걀과 청,홍고추를 넣고 뒤집어 약불에서 2분간 구워주세요.', '적당한 크기로 잘라 그릇에 담아주세요. 기호에 따라 초간장을 곁들여 맛있게 즐겨주세요.']"
브로콜리 참깨무침,"['브로콜리', '감자', '깨', '마요네즈', '식초', '설탕', '간장']","['1개', '1개', '5큰술', '3큰술', '1큰술', '1큰술', '1큰술']","['큰 볼에 물을 담고 식초 1큰술을 넣은 후 브로콜리 윗부분이 아래로 가도록 담가 20분 정도 두세요.', '브로콜리의 밑동을 자르고 한입 크기로 썬 후 흐르는 물에 깨끗이 헹궈주세요.', '감자는 껍질을 벗긴 후 한입 크기로 깍뚝 썰어주세요.', '찜기에 감자를 넣고 10분 정도 쪄주세요. 8분 정도 지났을 때 손질한 브로콜리를 넣어 같이 쪄주세요.', '통깨는 절구에 넣어 으깬 후 볼에 담고 나머지 소스 재료를 넣어 섞어주세요. (tip. 통깨를 으깨면 고소한 향이 배가 된답니다. 절구가 없다면 손바닥으로 부숴 사용해주세요)', '찐 브로콜리와 감자에 참깨소스를 조물조물 무쳐낸 후 접시에 담아 맛있게 즐겨주세요.']"
비건 부대찌개,"['소시지', '템페', '만두', '베이크드빈', '팽이버섯', '표고버섯', '두부', '대파', '양파', '김치', '라면 사리', '육수', '고춧가루', '고추장', '국간장', '다진마늘', '맛술', '소금', '후추']","['150g', '50g', '4~6개', '2큰술', '½줌', '2개', '½모', ' ¼대', '¼개', '1컵', '1개', '4컵', '1큰술', '1큰술', '1큰술', '1큰술', '1큰술', '약간', '약간']","['대파는 어슷하게 썰고 양파는 굵게 채를 썰어주세요. 팽이버섯은 먹기 좋게 찢고, 표고버섯은 도톰하게 썰어주세요.', '비건 소시지와 템페, 두부는 먹기 좋게 썰어주세요.', '볼에 양념 재료를 넣고 섞어주세요.', '냄비에 양파, 두부, 만두, 비건소세지, 템페, 베이크드빈, 김치를 넣어주세요.', '양념을 넣고 채수를 부어 5분 정도 끓이다가 라면 사리와 표고, 팽이버섯, 대파를 넣어 한소끔 더 끓여주세요.', '그릇에 담아 맛있게 즐겨주세요.']"
사색 꼬치전,"['단무지', '파프리카', '쪽파', '표고버섯', '부침가루', '식용유', '나무꼬치', '부침가루', '물', '강황 가루']","['4줄', '1개', '한줌', '3개', '4큰술', '약간', '12개', '6큰술', '½컵', '두꼬집']","['단무지는 길이로 3등분하고 파프리카와 표고, 쪽파는 단무지 크기로 썰어주세요.', '볼에 부침 재료를 넣고 섞어 강황물을 만들어주세요.', '나무꼬치에 표고버섯-쪽파-파프리카-단무지-표고버섯 순으로 꽂아주세요.', '꼬치전에 부침가루를 묻혀 살짝 털어낸 후 강황물을 고루 입혀주세요.\ufeff (tip.꼬치전에 부침가루를 한쪽면에만 묻히고 강황물을 골고루 묻혀 전을 부치면, 꼬치의 색감이 더욱 노랗고 선명하게 나올 수 있답니다.)', '달군팬에 기름을 넉넉히 두르고, 사색 꼬치전을 올려 중간불에서 앞 뒤로 익혀 맛있게 즐겨주세요.']"
새우부추전,"['새우', '부추', '밀가루', '부침가루', '물', '식용유', '소금', '후추']","['140g', '40g', '50g', '50g', '120g', '5큰술', '1작은술', '약간']","['부추는 3cm 길이로 잘라주세요.', '새우는 흐르는 물에 씻고 꼬리를 제거한 뒤 키친타월에 올려 물기를 제거해주세요.', '밀가루, 부침가루, 찬물, 소금, 후추를 섞어서 반죽을 만들어주세요.', '순서 3의 반죽에 부추를 넣어 골고루 섞어주세요.', '달군 팬에 식용유를 두르고 순서 4의 반죽을 7cm 크기로 올린 뒤 새우를 하나씩 올리고 2~3분 정도 부쳐내주세요.', '접시에 담아 맛있게 드세요!']"
섬초 된장국,"['섬초', '고추', '육수', '된장', '다진마늘']","['2줌(120g)', '1개', '700ml', '1과 ½큰술(35g)', '1작은술']","['손질한 섬초를 살짝 데친 뒤 3~4등분으로 썰어 주세요.', '멸치·다시마 육수에 된장을 풀어서 넣고 강불에서 5~6분간 끓여주세요.', '섬초, 다진 마늘, 어슷하게 썬 홍고추를 넣고 중약불에서 5분 더 끓여주세요.', '섬초와 된장이 잘 우러난 국물에 밥과 김치를 곁들이면 그 자체로 훌륭한 한 상의 완성이예요!']"
성게미역국,"['성게', '미역', '육수', '국간장', '참기름', '멸치액젓', '소금']","['60g', '15g', '5컵', '1큰술', '1큰술', '1/2큰술', '약간']","['미역은 물에 담가 10분 정도 불려주세요. 불린 미역은 먹기 좋게 썬 후 물기를 제거해 주세요.', '냄비에 참기름을 두르고 미역을 볶아주세요. 미역이 부드러워지면 국간장을 넣고 2분정도 더 볶아주세요.', '다시마 육수를 넣고 ⅔ 정도 넣고 10분 정도 끓여주세요.', '나머지 다시마 육수를 모두 넣고 성게알과 액젓을 넣어 5분 정도 더 끓여주세요. 부족한 간은 소금으로 맞춰주세요.', '완성된 성게미역국을 그릇에 담고 밥과 함께 즐겨주세요.']"
소갈비 전골,"['소갈비', '유부', '가래떡', '미나리', '배추속대', '만가닥버섯', '단호박', '청경채', '대파', '숙주', '물', '무', '양파', '대파', '마늘', '후추', '간장', '맛술', '다진마늘', '설탕', '참기름', '후추', '국간장', '다진마늘', '소금', '후추']","['1.2kg', '6개', '½개', '반 줌', '4잎', '한 줌', '?통', '한 줌', '1대', '한 줌', '12컵', '?개', '1개', '1대', '6쪽', '10알', '1큰술', '2큰술', '½큰술', '1작은술', '1작은술', '약간', '½큰술', '½큰술', '약간', '약간']","['갈비는 3시간 정도 찬물에 담가 핏물을 빼고 끓는 물에 데쳐주세요. 물에 헹궈 기름을 떼 내어 손질해주세요.', '냄비에 갈비와 육수 재료, 물을 부어 1시간 이상 갈비가 푹 익도록 끓여주세요. 삶은 갈비는 건져내고 고기는 양념에 재워주세요. 국물은 체에 걸러 육수를 준비해주세요. (tip 육수를 20분 정도 끓이다가 무는 건져내 먹기 좋은 크기로 잘라주세요.)', '만가닥 버섯과 청경채는 밑둥을 자르고 배추와 단호박은 먹기 좋은 크기로 썰어주세요. 숙주는 깨끗이 씻고 대파는 5cm 길이로 썰어주세요.', '미나리는 끓는물에 살짝 데치고, 가래떡은 2cm 크기로 잘라 유부 안에 채운 후 데친 미나리로 가운데 부분을 돌려 묶어주세요. (tip 가래떡이 딱딱하면 끓는물에 살짝 데쳐 사용해 주세요.)', '전골냄비에 소갈비를 가운데 담고 무와 유부주머니, 배추, 만가닥 버섯, 단호박을 돌려 담아주세요. 육수를 붓고 국물 양념 재료를 넣어 끓여주세요. (tip 소금을 가감해서 간을 맞춰주세요.)', '육수가 끓으면 숙주와 청경채, 대파를 넣고 한소끔 끓인 후 맛있게 즐겨주세요.(tip 기호에 따라 와사비간장을 곁들여 드셔도 맛있답니다.)']"
소고기 갈비찜,"['소갈비', '무', '새송이버섯', '청양고추', '고추', '대파', '양파', '대추', '진간장', '배', '설탕', '맛술', '올리고당', '파', '다진마늘', '생강즙', '후추', '참기름']","['1.4kg', '1/4개', '2개', '2개', '1개', '1대', '1개', '5개', '1컵', '1컵(배1/2개)', '4큰술', '4큰술', '3큰술', '2큰술', '2큰술', '2큰술', '약간', '약간']","['갈비는 1시간 정도 찬물에 담가 핏물을 빼주세요. 끓는 물에 6분 정도 데친 후 찬물에 헹궈 불순물과 지방을 제거해 주세요.(tip. 갈비의 뼈 부분에서 핏물이 나오지 않을 때까지 데쳐주세요)(tip. 갈비의 결 반대 방향으로 칼집을 넣게 되면 더욱 부드럽게 익힐 수 있어요)', '볼에 양념장 재료를 넣어 섞어주세요.', '무는 한입 크기로 자른 후 모서리를 둥글게 다듬어 주세요.(tip. 모서리를 다듬으면 부서지지 않아 국물이 깔끔할 수 있어요)', '양파와 대파는 먹기 좋은 크기로 잘라주세요. 홍고추와 청양고추는 꼭지를 뗀 후 길게 썰고 새송이버섯은 밑동을 자른 후 모양을 살려 슬라이스해주세요.(tip. 청양고추는 느끼한 맛과 잡내를 잡아주는 역할을 해요)', '냄비에 갈비와 양념장, 물 800ml, 양파, 무를 넣어 40분 정도 삶아주세요.(tip. 국물의 깔끔함을 위해서 뜨는 기름은 걷어내 주세요)', '나머지 야채를 넣고 20분 정도 끓인 후 참기름을 뿌려 마무리해주세요.']"
쇠고기 미역국,"['소고기', '미역', '참기름', '국간장', '다진마늘', '물', '멸치액젓']","['100g', '20g (⅔컵)', '2큰술', '2큰술', '1큰술', '7컵 (1.4L)', '1큰술']","['불린 미역은 물에 깨끗하게 헹군 후 체에 밭쳐 물기를 빼주세요.(tip. 미역은 미지근한 물이나 뜨거운 물에 불리게 되면 비린내가 올라오게 되니 찬물에 20분 정도 불려주세요)(tip. 자르지 않은 미역은 불린 후 먹기 좋은 크기로 잘라주세요)', '달군 팬에 쇠고기를 넣어 볶다가 참기름을 넣고 쇠고기 겉면의 핏기가 없을 때까지 약불에서 볶아주세요. 다진 마늘을 넣어 볶다가 국간장과 미역을 넣고 3~4분 정도 볶아주세요.(tip. 국간장을 볶을 때 넣으면 쇠고기와 미역에 간이 잘 되면서 기름진 맛을 잡아준답니다)', '물을 넣고 20~30분 정도 충분히 끓여주세요.(tip. 20~30분 정도 충분히 끓이면 쇠고기도 더욱 부드럽고 국물의 맛도 진해져요)', '부족한 간은 국간장과 액젓으로 맞춰주세요.', '맛있게 즐겨주세요.']"
순두부 달걀탕,"['순두부', '달걀', '대파', '청양고추', '육수', '새우젓', '다진마늘', '후추', '소금']","['⅔개', '3개', '½대', '1개', '400mL', '1작은술', '1작은술', '약간', '약간']","['볼에 달걀을 풀은 후 소금을 넣어 섞어주세요.', '순두부는 2cm 길이로 잘라주세요. 대파와 청양고추는 송송 썰어주세요.', '냄비에 순두부를 가지런히 두고 멸치다시마물을 부어 끓으면 새우젓과 다진 마늘을 넣고 뚜껑을 닫아 끓여주세요.(끓으면서 생기는 거품은 걷어주세요)', '끓으면 순두부 주변으로 달걀을 조금씩 붓고 살살 저어주세요.', '대파와 청양고추를 넣고 후춧가루를 뿌려 맛있게 즐겨주세요.(기호에 따라 소금이나 새우젓으로 간을 조절해주세요)']"
스팸 두부 짜글이,"['두부', '스팸', '감자', '양파', '대파', '청양고추', '육수', '간장', '고춧가루', '고추장', '맛술', '참치액젓', '다진마늘', '들기름', '설탕', '후추']","['1모 (300g)', '1캔 (200g)', '1개', '½개', '½대', '1개', '2컵', '2큰술', '1+½큰술', '1큰술', '1큰술', '1큰술', '1큰술', '½큰술', '½큰술', '약간']","['두부와 스팸, 감자는 먹기 좋은 두께로 잘라주세요. 양파는 굵게 채를 썰고 대파와 청양고추는 어슷하게 썰어주세요. 볼에 양념장 재료를 넣고 섞어주세요.(tip 스팸은 체에 밭쳐 뜨거운 물을 한번 끼얹은 후 사용해 주세요.)', '냄비에 양파를 깔고 감자를 올린 후 두부와 스팸을 켜켜이 돌려가며 담아주세요.', '냄비에 멸치 다시마 육수 1+½컵을 붓고 끓이다가 양념장을 넣어 섞어주세요.', '두부와 스팸에 국물을 끼얹어 주며 중약불로 끓여주세요. (tip 끓이는 중간에 국물이 부족하면 남겨놓은 멸치 다시마 육수 ½컵을 넣어주세요.)', '감자가 익으면 대파와 청양고추를 넣고 한소끔 끓여 맛있게 즐겨주세요.']"
스팸 마요 덮밥,"['스팸', '양파', '밥', '달걀', '마요네즈', '쪽파', '식용유', '깨', '간장', '설탕', '물', '맛술']","['½개', '⅓ 개', '1공기', '2개', '1큰술', '1큰술', '약간', '약간', '2큰술', '1큰술', '2큰술', '1큰술']","['양파는 채를 썰고, 스팸은 먹기 좋은 크기로 잘라주세요.(첨가물 제거를 위해 스팸은 뜨거운 물을 한번 끼얹어 사용하면 좋아요)', '볼에 달걀을 풀어주세요. 볼에 소스 재료를 넣어 섞어주세요.', '달군 팬에 식용유를 두른 후 달걀을 넣어 스크램블을 만들고 접시에 덜어주세요.', '달군 팬에 스팸을 넣어 노릇하게 볶아주세요.', '달군 팬에 식용유를 두른 후 양파를 볶다가 숨이 죽으면 소스를 넣어 가볍게 섞은 후 불을 꺼주세요.', '그릇에 밥을 담고 밥 위에 볶은 양파와 볶은 스팸, 끝 쪽에는 스크램블을 둘러 담아주세요.', '마요네즈를 지그재그로 뿌린 후 쪽파와 통깨를 뿌려 완성해주세요.(쪽파가 없을 경우 기호에 따라 대파나 청양고추, 김가루, 파슬리 등을 뿌려 만들어도 좋아요)']"
쑥국,"['쑥', '육수', '쪽파', '양파', '고추', '고추', '된장']","['100g', '9컵', '4줄기', '¼개', '1개', '½개', '1큰술']","['양파는 굵게 채를 썰어주세요. 쪽파는 4cm 길이로 썰어주세요. 청, 홍고추는 송송 썰어주세요.', '냄비에 멸치 다시마 육수를 넣고 된장을 풀어 끓여주세요. 보글보글 끓으면 데친 쑥과 양파, 청, 홍고추, 쪽파를 넣어 한소끔 끓여 주세요.', '완성된 쑥국을 그릇에 담고 밥과 함께 맛있게 즐겨주세요.']"
아욱 된장국,"['아욱', '육수', '대파', '청양고추', '된장', '고추장', '다진마늘']","['150g', '5컵', '1/2대', '1개', '2큰술', '1/2큰술', '1큰술']","['아욱의 줄기 끝 부분은 꺾어내고 껍질을 벗겨주세요. 큰 잎은 먹기 좋은 크기로 찢어주세요. 손질한 아욱은 흐르는 물에 2~3번 씻어주세요. 줄기가 두꺼운 경우 반으로 썰어주세요.(tip. 줄기가 가는 아욱은 껍질을 벗기지 않아도 괜찮아요)(tip. 큰 잎은 먹기 좋은 크기로 잘라주세요)(tip. 줄기가 억센 경우 씻을 때 굵은 소금을 넣고 박박 문질러주세요)', '청양고추와 대파는 어슷 썰어주세요.', '냄비에 멸치다시마육수를 붓고 된장과 고추장을 넣어 센불에서 끓여 주세요. 육수가 끓어 오르면 아욱과 다진마늘, 청양고추를 넣고 끓여주세요. 마지막으로 대파를 넣어 한소끔 끓인 후 맛있게 즐겨주세요.(tip 부족한 간은 소금을 가감해 조절해 주세요)']"
양념게장,"['꽃게', '양파', '청양고추', '고추', '쪽파', '청주', '고춧가루', '간장', '물엿', '매실청', '설탕', '참치액젓', '다진마늘', '깨', '생강가루', '후추']","['1kg', '¼개 ', '3개', '2개', '6대', '¼컵', '7큰술', '4큰술', '4큰술', '1큰술', '2큰술', '1+½큰술', '2큰술', '1큰술', '약간', '약간']","['볼에 양념장 재료를 넣어 섞고 냉장고에 넣어 30분 정도 숙성시켜주세요.', '홍고추와 청양고추는 어슷하게 썰고 양파는 채를 썰어주세요. 쪽파는 4센치 길이로 썰어주세요.', '꽃게는 조리용 솔로 비벼 깨끗이 씻고 등딱지를 벗긴 후 배 쪽에 붙어 있는 아가미와 눈, 집게의 발 끝부분을 제거해주세요. 꽃게는 먹기 좋게 4등분으로 잘라 손질한 후 청주를 뿌려 섞고 채반에 밭쳐 물기를 빼서 준비해주세요.(tip. 살아 있는 게를 사용하실 때는 냉동실에 게를 하루 정도 꽁꽁 얼려 손질해서 사용하시면 게살이 탱탱하고 흘러내리지 않게 만들 수 있어요.)', '볼에 꽃게와 양념장을 넣어 먼저 버무리고 양파와 홍고추, 청양고추, 쪽파를 넣어 골고루 섞어주세요.', '맛있게 즐겨주세요.']"
양배추 덮밥,"['양배추', '베이컨', '당근', '대파', '식용유', '밥', '달걀', '깨', '참기름', '후추', '굴소스', '물', '간장', '설탕']","['2장', '3장', '¼개', '½대', '약간', '1공기', '1개', '약간', '약간', '약간', '1큰술', '2큰술', '½큰술', '1작은술']","['양배추는 채를 썰어 깨끗이 씻은 후 체에 밭쳐 물기를 빼주세요. 당근도 양배추와 비슷한 크기로 채를 썰어주세요.', '베이컨은 1cm 두께로 자르고, 대파는 송송 썰어주세요.(베이컨이 없을 경우 햄으로 대체 가능해요)', '볼에 양념 재료를 넣어 섞어주세요.', '달군 팬에 식용유를 살짝 두른 후 대파를 볶아 향을 낸 후 베이컨을 볶다가 당근, 양배추를 넣어 숨이 죽을 때까지 볶다가 섞어 둔 양념과 후춧가루를 넣어 볶아주세요.', '그릇에 밥을 담은 후 양배추 볶음을 얹은 후, 가운데 달걀을 올려 참기름과 통깨를 뿌린 후 완성해 주세요.']"
양지수육전골,"['소고기', '부추', '팽이버섯', '대파', '양파', '마늘', '생강', '후추', '간장', '물', '맛술', '설탕', '식초', '양파', '청양고추', '육수', '물', '소금', '후추']","['500g', '100g', '1봉', '1대', '1/2개', '4쪽', '1쪽', '8알', '2큰술', '2큰술', '1큰술', '1/2큰술', '1큰술', '1/4개', '1개', '2포', '3컵', '약간', '약간']","['쇠고기 양지를 찬물에 담가 30분 정도 핏물을 빼주세요. 고기가 잠길 정도의 물과 고기 삶는 재료를 냄비에 넣고, 물이 끓어오르면 고기를 넣어 1시간 정도 삶아주세요.', '양지를 얇게 편으로 썰어주세요.', '부추는 깨끗이 씻어 7cm 길이로 자르고, 팽이버섯은 밑동을 잘라주세요.', '소스 재료의 청양고추는 링으로 썰고, 양파는 굵게 다져 소스 재료와 섞어주세요.', '냄비에 부추와 팽이버섯을 돌려 담고, 썰어 놓은 고기를 올려주세요.', '냄비에 국물 재료를 넣고, 국물이 끓어오르면 약한불로 줄여 2분 정도 더 끓여 완성해 주세요.', '고기와 야채에 소스를 곁들여 맛있게 즐겨주세요. (TIP. 기호에 따라 달걀 지단을 올리면 더욱 근사해요. 남은 국물에 칼국수를 넣어 먹거나, 다진 양파, 부추, 당근 등과 김가루, 밥을 넣어 죽을 만들어 드셔도 맛있답니다)']"
어묵 김밥,"['밥', '어묵', '청양고추', '달걀', '김치', '김밥 김', '식용유', '참기름', '설탕', '소금', '맛술', '물', '간장', '고춧가루', '다진마늘', '올리고당', '물', '참기름', '고춧가루', '김치', '물', '올리고당', '소금', '참기름', '깨']","['2공기', '5장', '4개', '4개', '200g', '3장', '적당량', '1큰술', '½큰술', '1작은술', '1큰술', '¼컵', '2큰술', '2큰술', '1큰술', '2큰술', '3큰술', '½큰술', '1큰술', '3큰술', '½컵', '1큰술', '두 꼬집', '1큰술', '약간']","['어묵은 먹기 좋게 채를 썰고, 청양고추는 반을 갈라서 씨를 뺀 후 다져주세요.', '볼에 어묵 양념 재료를 넣어 섞어주세요. 볼에 달걀과 달걀 양념 재료를 넣어 섞어주세요.', '달군 팬에 식용유를 두른 후 달걀 물을 부어 얇게 지단을 만들어주세요. 한 김 식힌 후 가늘게 채 썰어주세요.', '달군 팬에 식용유를 두른 후 길게 썬 김치와 김치 양념 재료를 넣어 김치를 볶아주세요.', '달군 팬에 식용유를 두른 후 어묵을 볶다가 어묵 양념장과 썰어 둔 고추를 넣어 볶고 마지막에 깨를 뿌려주세요.', '볼에 밥 양념 재료를 넣어 밥 양념을 해주세요.', '김밥 김에 밥을 얇게 펼친 후 위에 어묵볶음과 볶은 김치, 달걀지단을 올려 돌돌 말아주세요.(기호에 따라 단무지나 다른 야채를 넣어 함께 말아 드셔도 좋아요)', '김밥에 참기름을 바른 후 먹기 좋은 크기로 잘라 맛있게 즐겨주세요.']"
어묵 콩나물찜,"['콩나물', '어묵', '양파', '대파', '청양고추', '쪽파', '깨', '참기름', '식용유', '육수', '간장', '참치액젓', '고춧가루', '맛술', '설탕', '다진마늘', '후추', '전분', '물']","['1봉지 (350g)', '4장', '¼개', '¼대', '1개', '5대', '약간', '1큰술', '약간', '¾컵', '1+½큰술', '1큰술', '2큰술', '2큰술', '1큰술', '½큰술', '약간', '1큰술', '2큰술']","['콩나물은 다듬어 씻은 후 끓는 물에 약간의 소금을 넣고 2분 정도 데치고 찬물에 살짝 헹군 후 체에 밭쳐 물기를 빼주세요. 어묵은 길게 채를 썰어주세요.(tip. 콩나물은 데쳐서 찬물에 살짝 헹궈 사용하면 아삭한 식감을 살릴 수 있어요)', '대파는 잘게 썰고 양파는 채를 썰어주세요. 쪽파는 4cm 길이로 썰고 청양고추는 어슷하게 썰어주세요. 볼에 양념장 재료를 넣고 섞어 양념장을 만들고, 전분물 재료를 섞어 전분물을 만들어주세요.', '달군 팬에 약간의 식용유를 두르고 잘게 썬 대파를 넣고 볶다가 불을 중약불로 줄이고 양파와 어묵을 넣어 볶아주세요.', '양파가 반쯤 익으면 다시마 멸치 육수와 양념장을 넣고 바글바글 끓으면 콩나물을 넣어 섞어주세요.', '전분물을 넣고 농도를 맞춘 후 마지막에 쪽파와 청양고추를 넣고 섞고  참기름과 통깨를 뿌려 맛있게 즐겨주세요.']"
얼갈이배추 된장국,"['얼갈이배추', '조개', '대파', '청양고추', '고추', '소금', '육수', '된장', '다진마늘', '고춧가루']","['5포기', '200g', '½대', '1개', '1개', '약간', '5컵', '3큰술', '1큰술', '½큰술']","['냄비에 멸치 다시마육수를 붓고 해감한 모시조개를 넣어 끓이다가 조개가 익어 입을 벌리면 건져내고, 육수는 가라앉힌 후 위 육수만 따라내어 준비해 주세요.(tip 건져 낸 모시조개는 육수에 흔들어 남아 있는 모래를 제거해 주세요.)', '얼갈이배추는 밑둥을 자른 후 물에 씻고 끓는 물에 약간의 소금을 넣고 얼갈이배추의 흰부분부터 넣어 1~2분간 데친 후 찬물에 헹궈 물기를 살짝 제거해주세요.', '얼갈이는 먹기 좋은 크기로 잘라 얼갈이 양념재료에 조물조물 버무려 밑간하고 고추는 어슷하게 썰고 대파는 길이로 반 가른 후 6cm 길이로 썰어주세요.(tip 된장의 염도에 따라 된장 양을 가감해서 양념을 조절해 주세요.)', '냄비에 육수를 붓고 끓어오르면 양념한 얼갈이배추를 넣고 중간불에서 3분 정도 끓여주세요.', '. 마지막에 모시조개와 대파, 고추를 넣어 한소끔 더 끓여 맛있게 즐겨주세요.(tip 부족한 간은 소금을 가감해 조절해 주세요.)']"
열무 비빔국수,"['중면', '열무김치', '깨', '열무김치', '물', '오이', '달걀', '식초', '설탕', '고추장', '고춧가루', '다진마늘', '참기름', '깨']","['200g', '1컵', '약간', '1컵', '1컵', ' ½개', '1개', '3큰술', '2큰술', '1큰술', '1큰술', '½큰술', '1큰술', '1큰술']","['열무김치 국물과 생수를 섞은 후 지퍼백에 담아 살얼음이 생기도록 3시간 정도 미리 얼려주세요.', '볼에 양념 재료를 넣고 섞어주세요. 오이는 얇게 채를 썰어주세요. (김치의 숙성 정도에 따라 식초양을 가감해 주세요.)', '열무김치에 양념장 붓고 버무려 주세요.', '끓는 물에 중면을 펼쳐 넣고 젓가락으로 저어 면끼리 달라붙지 않도록 저어주고 물이 끓어오르면 찬물 반 컵을 3~4회 반복해서 부어 국수를 삶아주세요. 흐르는 찬물에 중면을 여러 번 씻어 전분기를 없애주세요.', '삶은 중면을 양념과 버무린 후 그릇에 담고 얼려둔 살얼음 육수를 자작하게 부어주세요.', '채썬 오이와 달걀을 올린 후 통깨를 뿌려 맛있게 즐겨주세요.']"
열무김치,"['열무', '얼갈이배추', '쪽파', '양파', '고추', '생강', '새우젓', '소금', '고춧가루', '참치액젓', '다진마늘', '매실청', '소금', '밀가루', '육수']","['1단 (1.5kg)', '1단 (1.5kg)', '한 줌 (20대)', '1개', '15개', '1쪽 (20g)', '4큰술', '150g', '1컵', '3큰술', '4큰술', '3큰술', '2큰술', '4큰술', '3컵+½컵']","['얼갈이는 뿌리 부분을 잘라내고 2~3등분으로 잘라 주세요. 열무는 뿌리 끝부분을 자르고 긁어 다듬은 후 두꺼운 뿌리는 반으로 가르고 길이로 2~3등분으로 잘라 손질해 주세요.(tip. 잎이 큰 얼갈이는 반으로 잘라 주세요)', '손질한 얼갈이와 열무는 물에 살살 흔들어 씻어 주세요. 굵은 소금을 뿌려 30분 정도 절이고 위아래로 뒤집어 20분 정도 더 절여 주세요. 물에 흔들어 씻어 채반에 밭쳐 물기를 빼주세요.(tip. 열무는 씻을 때와 절일 때, 양념에 버무릴 때 살살 버무려야 풋내가 나지 않게 만들 수 있어요)', '냄비에 밀가루 풀 재료를 넣고 잘 섞어준 후 중불에서 저어가며 풀고 기포가 올라오면서 농도가 나면 불을 끄고 식혀주세요.', '양파는 큼직하게 썰고, 홍고추는 꼭지를 제거 후 송송 썰어주세요. 새우젓과 생강을 함께 블렌더에 넣어 굵게 갈아주세요. 쪽파는 5센티 길이로 썰어주세요.', '볼에 블렌더에서 간 재료와 식힌 밀가루 풀, 양념 재료를 넣고 고루 섞어 김치 양념장을 만들어주세요.', '양념을 절인 열무와 얼갈이, 쪽파에 넣고 숨이 살짝 죽으면 전체적으로 가볍게 섞어 김치통에 담아주세요. 상온에서 1~2일 정도 숙성시켰다가 냉장 보관해 주세요.(tip. 열무와 얼갈이의 절여진 염도에 따라 마지막에 새우젓 국물 또는 소금을 가감해서 간을 맞춰주세요)']"
완두콩밥,"['쌀', '물', '완두콩']","['2컵', '2컵', '1/2컵']","['솥에 불린 쌀과 씻은 완두콩을 넣어주세요.', '물을 넣고 뚜껑을 닫아 센 불에서 끓여주세요. 밥물이 끓기 시작하면 불을 약한 불로 줄여 15분 정도 익혀주세요.', '밥이 다 지어지면 5~10분 정도 뜸을 들인 후 주걱으로 위아래 가볍게 섞어 맛있게 즐겨주세요.']"
왕소시지김밥,"['소시지', '맛살', '단무지', '우엉', '달걀', '밥', '김밥 김', '소금', '설탕', '식초', '깨', '참기름', '식용유', '머스터드']","['500g', '216g(7줄)', '155g', '80g', '7개', '5공기', '10장', '½큰술', '½큰술', '1큰술', '1큰술', '1큰술', '1큰술', '약간']","['냄비에 물을 절반 정도 담고 끓인 뒤 프랑크소시지를 넣고 1분 정도 데쳐주세요.*Tip. 소시지를 데치면 첨가물과 나트륨이 제거되어 맛이 더 깔끔해져요. 오래 데치면 터질 수 있으니 1분만 데치고 칼집을 내주세요.', '달군 팬에 식용유를 두르고 잘 푼 달걀을 넣어 약불에서 달걀지단을 만들어주세요.', '단무지와 조림우엉은 적당한 크기로 길게 자르고 맛살은 반으로 갈라주세요.', '밥에 소금, 설탕, 식초, 깨, 참기름을 넣고 잘 섞어주세요.', '김밥 김을 깔고 밥을 주먹 크기만큼 올린 뒤 얇게 펴주세요.', '얇게 편 밥 위에 달걀지단을 올리고 조림우엉, 단무지, 맛살, 프랑크소시지를 올린 뒤 머스터드소스를 뿌려주세요.', '김 끝부분에 물을 바르고 재료가 흐트러지지 않게 돌돌 말아주세요.*Tip. 밥알로 붙여도 되지만 물을 묻히면 김이 더 잘 붙어요!', '김밥 표면과 칼에 참기름을 바르고 먹기 좋은 크기로 잘라주세요.', '완성된 왕소시지김밥은 머스터드 소스를 추가로 곁들여 찍어먹어도 맛이 좋답니다.']"
유부 잔치국수,"['소면', '유부', '당근', '미나리', '양파', '청양고추', '고추', '육수', '소금', '식용유', '국간장', '소금', '후추', '간장', '맛술', '다진마늘', '고춧가루', '후추']","['200g', '4장', '¼개', '반 줌', '¼개', '1개', '1개', '6컵', '약간', '약간', '1큰술', '½작은술', '약간', '3큰술', '1큰술', '½큰술', '½작은술', '약간']","['채수에 국물 양념 재료와 유부를 넣고 한소끔 끓여 주세요. (채수를 내고 남은 표고버섯은 채를 썰어 고명에 사용해도 좋아요)(채수는 국물의 깊은 맛을 내줘요. 채수가 없다면 다시마와 표고를 끓인 물로 대체해 보세요)', '깨끗이 씻은 미나리는 끓는 물에 3분간 데친 후 찬물에 헹궈 물기를 짜주세요.', '청,홍고추와 양파는 송송썰고 당근은 채를 썰어주세요. 데친 미나리는 4cm 길이로 썰어주세요.', '달군 팬에 기름을 두르고 채를 썬 당근에 소금 약간 넣어 볶아주세요.', '끓는 물에 소면을 펼쳐 넣고 물이 끓어오르면 2~3번 찬물을 넣어 국수를 삶고 찬물에 헹궈 사리를 지어주세요.', '송송 썬 고추와 양파에 양념 간장 재료를 섞어 양념장을 만들어주세요.', '국수 사리를 그릇에 담고 미나리와 당근, 양념장을 올리고 국물을 부어주세요(기호에 따라 김가루나 송송 썬 김치를 올려 먹어도 좋아요)']"
제주식 고사리육개장,"['닭고기', '물', '고사리', '고춧가루', '대파', '다진마늘', '고춧가루', '소금', '후추', '우유', '찹쌀가루', '물']","['1마리(1kg)', '1.2L', '150g', '2큰술', '25g', '1큰술', '2큰술', '½큰술', '1작은술', '적당량', '45g', '250ml']","['닭은 흐르는 물에 잘 씻어 비계 부분을 손질하고 우유에 30분 정도 담가둔 뒤 씻어주세요.*Tip. 닭을 우유에 담가두면 육질이 부드러워질 뿐 아니라 잡내를 없애줘요.', '고사리는 깨끗하게 씻은 뒤 믹서에 갈아주세요.', '냄비에 닭, 물을 넣어 30분 정도 삶은 뒤 닭을 꺼내 살을 잘게 발라주세요. 이 때 닭을 삶은 물은 버리지 않아요.', '찹쌀가루와 물을 그릇에 넣고 숟가락으로 잘 개어 찹쌀물을 만들어주세요.', '순서 3의 닭 삶았던 물에 믹서에 간 고사리와 잘게 바른 닭을 넣고 끓여주세요.', '김이 나고 끓어오르면 마늘, 고춧가루, 소금, 후추를 넣어 간을 맞춰주세요.', '순서 4의 찹쌀물을 넣고 고사리가 익을 때까지 5분 정도 더 끓여주세요.', '그릇에 덜어 깊고 진한 닭육수의 고사리육개장을 음미해보세요. 제주도에서 먹었던 고사리육개장의 추억이 떠오르실거예요. 매콤한 걸 즐기신다면 취향껏 고춧가루를 더 넣어 드셔도 좋답니다!']"
참가자미미역국,"['참가자미', '물', '맛술', '소금', '미역', '고춧가루', '생강', '들깨가루', '들기름', '국간장']","['1마리', '1.4L', '½술', '약간', '약간(10g)', '½술', '약간', '½술', '1술', '1술']","['냄비에 참가자미, 생수, 맛술을 넣고 강불에서 끓이다가 육수가 끓으면 중약불로 줄여 30분 끓여주세요.*Tip. 육수는 버리지 마세요!', '오목한 팬에 미역과 다진 마늘, 다진 생강, 들깨가루, 들기름과 국간장을 넣고 중불에서 4분간 볶아주세요.', '순서 1에 살만 발라낸 가자미와 순서 2를 넣고 중약불에서 10분 더 끓여주세요. 부족한 간은 소금으로 맞춰주세요.', '따끈한 참가자미미역국을 밥과 함께 맛있게 즐겨보세요.']"
참치 김치 볶음,"['참치캔', '김치', '양파', '대파', '깨', '참기름', '식용유', '간장', '설탕', '소금', '후추']","['1캔 (150g)', '2컵', '½개', '½대', '약간', '1큰술', '적당량', '1큰술', '1큰술', '약간', '약간']","['통조림 참치는 체에 밭쳐 기름을 빼주세요.', '양파는 슬라이스하고 대파는 어슷하게 썰어주세요.', '달군 팬에 기름을 두른 후 양파, 대파, 김치, 설탕을 넣어 3분 정도 볶다가 나머지 양념 재료를 넣어 볶아주세요.', '참치를 넣어 가볍게 볶아주세요.', '마지막에 참기름과 통깨를 뿌려 마무리해 주세요.']"
참치두부조림,"['두부', '참치캔', '팽이버섯', '대파', '양파', '청양고추', '육수', '간장', '고추장', '된장', '고춧가루', '설탕', '다진마늘', '참기름']","['1모(500g)', '1캔(135g)', '1봉지', '1대', '1/2개', '1개', '1+1/2컵', '4큰술', '2큰술', '1/2큰술', '1큰술', '1큰술', '1/2큰술', '1큰술']","['두부는 도톰한 두께로 썰어주세요.', '양파는 채썰고 대파와 청양고추는 송송 썰어주세요. 팽이버섯은 밑동을 자르고 손으로 뜯어주세요. 볼에 양념재료를 담아 섞어주세요.', '냄비에 양파와 대파를 깔고 참치 1캔을 기름까지 모두 넣어주세요. 두부와 팽이버섯, 청양고추를 올리고 양념장, 멸치육수를 부어 10분간 졸여주세요.', '완성된 참치두부조림을 밥과 함께 맛있게 즐겨주세요.']"
채식 김치 콩나물국,"['콩나물', '김치', '김치', '대파', '고추', '청양고추', '다진마늘', '소금', '국간장', '육수']","['200g', '200g', '1컵', '½대', '½개', '½개', '1작은술', '약간', '1큰술', '7컵']","['콩나물은 깨끗이 씻어 체에 밭쳐 물기를 빼주세요.', '대파와 홍고추, 청양고추는 어슷하게 썰어주세요. 김치는 먹기 좋게 썰어주세요.', '냄비에 김치를 넣고 1분간 볶다가 채수와 김칫국물을 넣어 2분간 끓여주세요.', '콩나물을 넣고 3분 정도 끓여주세요.(tip. 콩나물을 삶는 중간에 뚜껑을 닫으면 비린내가 날 수 있으니 주의해 주세요)', '대파와 청양고추를 넣어 2분 정도 끓이고, 부족한 간은 소금으로 해주세요.']"
채식 순두부찌개,"['김치', '순두부', '애호박', '표고버섯', '대파', '양파', '청양고추', '육수', '고추기름', '소금', '고춧가루', '맛술', '국간장', '다진마늘', '후추', '들기름']","['½컵', '1봉', '¼개', '2개', '⅓대', '¼개', '1개', '3컵', '2큰술', '½작은술', '1큰술', '1큰술', '1큰술', '1큰술', '약간', '1작은술']","['양파는 채를 썰어주세요. 애호박은 먹기 좋게 나박 썰고 청양고추와 대파는 어슷하게 썰어주세요. 표고는 채를 썰어주세요.', '볼에 양념 재료를 넣어 섞어주세요.', '냄비에 고추기름과 대파 반을 넣고 중약불에서 달달 볶다가 파 향이 올라오면 양파, 김치 순서로 넣어 볶아주세요.', '다시마물을 붓고 양념장과 애호박과 표고버섯을 넣고 5분 정도 끓이다가 순두부를 넣고 끓여주세요.', '마지막에 청양고추와 대파를 넣고 한소끔 끓여 맛있게 즐겨주세요. (tip 소금을 가감해서 간을 조절해 주세요.)']"
채식구절판,"['표고버섯', '오이', '당근', '숙주', '애호박', '우엉', '목이버섯', '소금', '식용유', '밀가루', '물', '소금', '참기름', '간장', '맛술', '설탕', '다진마늘', '참기름', '후추', '연겨자', '간장', '식초', '설탕', '후추']","['2개', '1/2개', '1/2개', '한 줌', '1/4개', '1토막', '약간', '약간', '약간', '1컵', '1컵', '3꼬집', '2방울', '1큰술', '1큰술', '1/2큰술', '1작은술', '1큰술', '약간', '1/2큰술', '1큰술', '5큰술', '1큰술', '약간']","['목이버섯은 찬물에 담가 불린 후 물기를 짜고 곱게 채를 썰어주세요.', '오이는 굵은 소금으로 닦은 후 4등분 하여 껍질을 얇게 돌려 깎고 채를 썰어주세요.', '표고는 기둥을 떼고 가로로 편을 썬 다음 얇게 채를 썰어주세요. (tip. 표고 기둥도 손으로 찢어 함께 사용해도 좋아요)', '우엉, 애호박, 당근을 얇게 편을 썰고 곱게 채를 썰어주세요.', '볼에 간장소스를 넣고 섞어 준비해주세요.', '달군 팬에 기름을 약간 두른 후 표고-오이-애호박-당근 순으로 볶아주세요. (tip. 채소를 볶을 때 고운 소금을 한 꼬집씩 넣어 간을 해주세요)', '달군 팬에 숙주 한 줌과 물 1컵을 넣고 숙주를 데친 후 접시에 덜고, 물이 자작한 상태에서 채를 썬 우엉과 간장소스 ½ 분량을 넣고 졸인 후 접시에 덜어주세요.', '우엉을 볶은 팬에 목이버섯을 넣고 나머지 간장소스를 넣은 후 볶아주세요.', '볼에 밀전병 재료를 넣고 섞은 후 잘 섞어주세요. (tip. 전병 반죽에 치자가루나 식용 색소를 조금 섞어주면 다양한 색을 낼 수 있어요)', '약한 불에서 팬에 기름을 두른 후 닦아내고 숟가락으로 밀전병 반죽을 한술 떠 팬에 붓고 둥글고 얇게 펼쳐 부쳐주세요.', '접시에 준비한 재료를 둥글게 돌려 담고 가운데 전병을 올려 완성해주세요. (tip. 밀전병 위에 허브나 잣 대추 등을 올려 꾸며주면 더욱 예뻐요)']"
청국장찌개,"['청국장', '김치', '양파', '무', '두부', '대파', '애호박', '고추', '김치', '육수', '참기름', '된장', '다진마늘', '고춧가루']","['150g', '1컵', '½개', '⅛개 (100g)', '½모', '½대', '⅓개', '1개', '¼컵', '4컵', '½큰술', '1큰술', '½큰술', '1작은술']","['배추김치는 속을 가볍게 털어 낸 후 먹기 좋게 자르고 무는 나박하게 썰어주세요. 양파와 애호박, 두부는 깍뚝 썰고 대파와 홍고추는 송송 썰어주세요.', '냄비에 약간의 참기름을 두르고 김치와 김칫국물을 넣어 볶다가 김치가 투명해지면 멸치 다시마 육수와 무를 넣어 끓여주세요.', '무가 반쯤 익으면 애호박과 양파를 넣고 1분 정도 끓여주세요.', '청국장과 양념 재료를 넣어 풀고 두부를 넣어 2분 정도 끓여주세요.(tip 청국장은 마지막에 넣어 오래 끓이지 않는 것이 맛도 좋고 영양가 있는 청국장찌개를 만들 수 있답니다.)', '마지막에 홍고추와 대파를 넣고 한소끔 더 끓여 맛있게 즐겨주세요.']"
청양 마요 김밥,"['청양고추', '깻잎', '스팸', '밥', '김밥 김', '깨', '고추냉이', '마요네즈', '설탕', '소금', '식초']","['12개', '10장', '½캔', '2공기', '2장', '약간', '½큰술', '5큰술', '1큰술', '½작은술', '1큰술']","['청양고추 8개는 씨를 뺀 후 길게 채를 썰어주세요. 4개는 송송 썰어주세요. 깻잎은 채를 썰어주세요. 스팸은 1cm 두께로 길게 썰어주세요.', '볼에 마요 소스 재료를 넣고 섞어주세요.', '밥에 마요 소스 2큰술과 통깨를 넣고 골고루 섞어주세요.', '팬에 스팸을 노릇하게 구워주세요', '김에 밥을 고르게 펼친 후 스팸, 청양고추, 깻잎을 올려 단단하게 말아주세요.(tip.속 재료는 크래미, 참치 등 집에 있는 재료를 응용 해도 좋아요)(tip.밥의 끝과 김이 맞닿게 말면 더욱 예쁘게 만들 수 있어요)', '김밥을 먹기 좋은 크기로 잘라주세요. 김밥 위에 나머지 마요 소스와 송송 썬 청양고추, 통깨를 뿌려 완성해주세요.']"
케일 강된장쌈밥,"['케일', '밥', '애호박', '대파', '다진마늘', '청양고추', '고추', '육수', '두부', '들기름', '소금', '깨', '된장', '멸치액젓', '올리고당']","['16장', '2공기', '1/3개', '1/2개', '1큰술', '2개', '1개', '1컵', '1모', '약간', '약간', '약간', '2큰술', '1큰술', '1큰술']","['케일은 깨끗이 씻어 내열용기에 담고 물을 자작하게 붓고 랩또는 뚜껑을 씌워주세요. 법랑접시에 석쇠를 놓고 내열용기를 올려 1단에 넣고 광파오븐 수동 요리 <레인지>에서 1분간 조리해 주세요.', '밥에 소금과 통깨, 참기름을 넣고 섞은 후 한입 크기로 동그랗게 말아주세요.', '케일에 밥을 넣고 돌돌 말아주세요. (tip. 케일잎이 작으면 2겹 겹쳐서 사용해도 좋아요) (tip. 케일의 줄기부분을 얇게 썰어내면 말기 편리해요)', '애호박은 작게 깍뚝 썰고 대파, 고추는 송송 썰어주세요.', '냄비에 들기름을 약간 넣고 다진마늘을 볶다가 애호박을 넣고 볶아주세요. 강된장 양념 재료와 다시마 우린물을 넣고 한소끔 끓여주세요.', '두부는 깍뚝 썰어 소금으로 밑간 하고 달군 팬에 들기름을 둘러 노릇하게 구워내주세요. (tip. 구울 때 기름이 튈 수 있으니 두부는 키친 타월에 올려 물기를 제거해주세요)', '그릇에 강된장을 담고 케일쌈밥과 송송 썬 홍고추, 구운 두부를 올려 완성해주세요.']"
콩나물제육볶음,"['돼지고기', '콩나물', '깻잎', '양파', '대파', '청양고추', '고추장', '고춧가루', '진간장', '다진마늘', '설탕', '맛술', '후추', '식용유']","['350g', '100g', '6장', '80g', '40g', '1개', '1큰술', '2큰술', '2큰술', '1큰술', '2큰술', '2큰술', '1작은술', '2큰술']","['깻잎은 4cm 크기로 썰고 대파와 청양고추는 어슷하게 썰고 양파는 채썰어주세요.', '돼지고기는 5cm 크기로 자르고 콩나물은 손질해주세요.*Tip. 돼지고기 부위는 삼겹, 목살, 앞다리살, 뒷다리살 모두 괜찮지만 목살이 담백하고 맛있어요!', '달군 팬에 식용유를 두르고 대파를 넣어 파기름을 내주세요.', '파 향이 올라오면 돼지고기를 넣고 1분 정도 볶아주세요.', '설탕, 맛술, 후추를 넣고 2분 정도 더 볶아주세요.', '돼지고기가 다 익으면 고추장, 고춧가루, 진간장, 마늘을 넣고 1분 정도 볶아주세요.', '콩나물, 깻잎, 양파, 청양고추를 넣고 콩나물의 숨이 죽을 때까지 2분 정도 더 볶아주세요.', '맛있게 볶음 콩나물제육볶음을 그릇에 덜어 맛있게 즐기세요. 기호에 따라 상추나 깻잎 등 쌈채소를 곁들여도 좋아요!']"
콩자반,"['검은콩', '육수', '물엿', '깨', '간장', '설탕', '물엿']","['1컵', '1+½컵', '1큰술', '약간', '3큰술', '2큰술', '1큰술']","['검은콩은 깨끗이 씻어 3시간 이상 불려주세요.', '불린 콩에 물을 붓고 약한 불에서 뚜껑을 열고 20분 정도 삶아주세요.(콩 불린 국물을 사용해서 조리면 영양 손실을 줄일 수 있답니다.)', '콩이 말랑하게 삶아지면 양념 재료를 넣고 약한 불에서 15분 정도 물기가 자작해질 때까지 졸여주세요.', '마지막에 중약불에서 물엿을 넣고 섞은 후 불을 꺼주세요.', '접시에 검은콩 자반을 담고 통깨를 뿌려주세요.']"
키토 김밥,"['김밥 김', '소고기', '달걀', '케일', '파프리카', '오이', '소금', '후추', '식용유', '마요네즈', '고추냉이', '간장']","['2장', '250g', '4개', '8장', '1개', '½개', '약간', '약간', '약간', '2큰술', '1작은술', '1큰술']","['오이와 파프리카는 얇게 채를 썰고 등심은 길게 썰어 주세요.', '달군 팬에 기름을 두른 후 등심을 노릇하게 구워주세요. 소금 후추로 간을 해주세요.', '김에 케일을 깔고 오이, 파프리카, 등심을 넣은 후 말아주세요.', '달걀에 소금을 약간 넣고 풀어준 후 채에 한 번 걸러주세요.', '달군 팬에 달걀 물을 붓고 가장자리가 익으면 말아둔 김밥을 넣고 말아 달걀옷을 입혀주세요.', '2회 정도 반복해 달걀 물을 입힌 후 먹기 좋게 썰어주세요.', '그릇에 담아 소스를 곁들여 맛있게 즐겨주세요.(tip. 완전히 식은 후 썰어야 터지지 않아요)(tip. 소 등심 외에도 닭가슴살, 크래미, 두부 등을 활용해 만들어도 좋아요)']"
통현미 버섯 비빔밥,"['현미밥', '느타리버섯', '표고버섯', '깻잎', '팽이버섯', '간 소고기', '식용유', '참기름', '맛간장', '물', '깨']","['2공기', '100g', '3~4개', '10장', '1팩', '100g', '약간', '1큰술', '2와 ½큰술', '2큰술', '약간']","['1. 실파는 송송 썰어서 준비해 주시고, 느타리버섯은 가늘게 찢어서, 표고버섯과 깻잎은 얇게 채 썰어서 준비해 주세요.', '2. 분량의 재료를 모두 넣고 골고루 섞어서 비빔양 념장을 만들어 주세요.', '3. 팬에 포도씨유를 약간 두르고 우민찌를 넣어 핏기가 없도록 볶아 주세요.', '4. 팬에 포도씨유를 약간 두르고 느타리버섯, 표고 버섯을 먼저 볶다가 팽이버섯을 넣어 같이 살짝 볶아 주세요.', '5. 현미밥에 준비한 재료들을 곁들여 완성해 주세요.*Tip. 대부분의 버섯은 손질 시 겉에 묻은 먼지를 털어내거나 마른 행주로 닦아냅니다. 이물이 많이 묻은 경우에는 조리하기 직전에 씻어서 바로 사용하거나 물기를 제거한 후 사용하면 돼요. 버섯은 씻으면 풍미가 떨어지므로 가급적 씻지 않고 사용해주세요. 팽이버섯은 너무 오래 익히지 않는 것이 좋아요.']"
파채불고기,"['소고기', '양파', '당근', '대파', '배', '진간장', '국간장', '올리고당', '후추', '설탕', '다진마늘', '맛술']","['300g', '80g', '30g', '100g', '½개', '5큰술', '1큰술', '1큰술', '1작은술', '2큰술', '1큰술', '1큰술']","['소고기는 물에 30분 정도 담가 핏물을 제거해주세요.*Tip. 불고기용 소고기는 얇아서 오랫동안 핏물을 빼지 않아도 된답니다!', '양파, 당근은 채 썰고 대파는 길이 7~8cm, 두께 0.5cm 크기로 채 썰어주세요.', '배는 껍질을 벗기고 믹서에 곱게 간 뒤 소고기에 넣어주세요.*Tip. 혹시 배가 없다면 배 음료 80g을 넣어주세요.', '진간장, 국간장을 넣고 골고루 섞어주세요.', '순서 4에 올리고당, 후추, 설탕, 마늘, 맛술을 넣고 잘 버무린 뒤 냉장고에서 30분 정도 숙성시키고 꺼내 기름을 두르지 않은 팬에 넣고 센불로 5분 정도 볶아주세요.*Tip. 센불에서 빠르게 익히는 게 중요하고 너무 자주 뒤섞지 않는 게 좋아요!', '양파, 당근을 넣고 당근이 익을 때까지 2분 정도 볶아주세요.', '볶은 불고기 위에 채 썬 대파를 올려서 맛있게 즐겨보세요!']"
표고 미역국,"['미역', '표고버섯', '육수', '육수', '들깨가루', '들기름', '국간장', '맛술', '다진마늘', '소금', '후추']","['15g (또는 1+½컵)', '4~6개', '4컵', '3컵', '1큰술', '1큰술', '1큰술', '1큰술', '½큰술', '½작은술', '약간']","['불린 미역은 먹기 좋은 크기로 잘라주세요. 불린 표고버섯은 얇게 슬라이스 해주세요. (tip. 찬물에 건미역을 넣고 20분 정도 불리고 깨끗하게 헹군 후 사용해 주세요)(tip. 흐르는 물에 건표고를 헹군 후 20분 정도 불려 사용해 주세요)', '달군 냄비에 들기름을 두르고 미역과 표고버섯을 넣고 중약불에서 3분 정도 볶다가 다시마 물과 표고버섯 불린 물을 넣고 끓여주세요.', '국물 양념 재료와 들깨가루를 넣고 10분 정도 끓여주세요.', '기호에 따라 소금으로 간을 맞춰 맛있게 즐겨주세요.(tip. 표고를 진하게 우릴수록 국물의 감칠맛이 올라가요)']"
표고버섯 덮밥,"['표고버섯', '양파', '대파', '다진마늘', '참기름', '식용유', '깨', '레드페퍼', '밥', '간장', '올리고당', '맛술', '설탕', '참기름', '후추']","['6개 (150g)', '½개', '½대', '1큰술', '1큰술', '약간', '약간', '약간 (또는 청양고추 ½개)', '2공기', '1+½큰술', '1큰술', '1큰술', '½큰술', '½큰술', '약간']","['표고버섯은 밑동 부분을 자르고 먹기 좋게 슬라이스해주세요. 양파는 채를 썰어주세요. 대파는 흰 부분과 푸른 부분을 분리한 후 가늘게 채를 썰어주세요. 볼에 양념재료를 넣고 섞어주세요.(tip 표고버섯의 기둥은 손으로 찢어 준비해 주세요.tip 대파의 속심 부분은 잘게 썰어 양념재료와 함께 섞어주세요.)', '달군 팬에 식용유를 넉넉히 두르고 다진 마늘과 대파 흰 부분을 넣어 볶아주세요.', '마늘과 파의 향이 올라오면 표고버섯과 양파를 넣어 볶다가 양념재료를 넣어 졸이듯이 볶아주세요.', '마지막에 불을 끄고 대파 푸른 부분을 넣고 참기름을 둘러주세요.', '그릇에 밥을 담고 완성된 표고버섯볶음을 얹은 후 통깨와 레드페퍼를 뿌려 맛있게 즐겨주세요.']"
해초 비빔밥,"['해초', '날치알', '양배추', '오이', '밥', '참기름', '고추장', '다진마늘', '식초', '설탕', '매실청', '고춧가루', '깨']","['2봉 (14g)', '2큰술', '¼개', '¼개', '2공기', '1큰술', '1큰술', '½큰술', '1큰술', '1큰술', '1큰술', '½작은술', '약간']","['건 해초는 찬물에 담가 3~4분간 불려주세요. 불린 해초는 체에 밭쳐 물기를 빼주세요. (물기를 뺀 해초를 냉장고에 넣어 10~15분 정도 차갑게 해두면 식감이 더욱 살아나요)', '볼에 소스 재료를 넣고 섞어주세요.', '적양배추와 오이는 가늘게 채를 썰어주세요.', '그릇에 밥을 담고 해초, 적양배추, 오이를 둘러 담아주세요.', '날치알을 올린 후 소스와 참기름을 뿌려 맛있게 즐겨주세요.']"
호박국,"['호박', '대파', '고추', '물', '국간장', '새우젓']","['1kg', '40g', '1개', '1L', '½큰술', '1큰술']","['조선호박은 속을 제거한 뒤 3cm 두께로 썰어주세요.', '대파, 홍고추는 총총 썰어주세요.', '냄비에 순서 1과 물을 넣은 뒤 뚜껑을 덮고 한소끔 끓여주세요.*Tip. 호박이 많고 물이 다소 적은 듯 해야 맛있습니다.', '새우젓을 넣고 5분 정도 더 끓여주세요.*Tip. 호박이 뭉근해질때까지 끓여주세요!', '대파와 홍고추, 국간장을 넣어 완성해 주세요.', '따뜻할 때 국물을 음미하며 맛있게 즐겨보세요.']"
홍합탕,"['홍합', '양파', '대파', '청양고추', '고추', '다진마늘', '맛술', '후추', '물']","['1kg', '100g', '30g', '1개', '1개', '½큰술', '1큰술', '1작은술', '1L']","['홍합 수염을 제거하고 깨끗하게 세척해주세요.', '양파는 반으로 자르고 대파는 6cm 크기로 썰어주세요.', '청양고추와 홍고추는 어슷하게 썰어주세요.', '냄비에 홍합, 양파, 대파, 물을 넣고 5분 정도 끓인다. 거품이 생기면 걷어내주세요.', '양파가 말랑말랑해질 때까지 5분 정도 더 끓인 뒤 양파와 대파를 건져내주세요.*Tip. 오래 끓여서 물이 줄어들면 250ml 정도 더 넣어주세요.', '마늘, 맛술, 후추를 넣고 1분 정도 끓인 뒤 불을 끄고 청양고추, 홍고추를 넣으면 완성이예요.']"
황태갈비,"['황태', '밀가루', '전분', '식용유', '간장', '올리고당', '설탕', '맛술', '다진마늘', '파', '참기름', '깨']","['1마리', '4큰술', '2큰술', '약간', '2큰술', '1큰술', '1큰술', '2큰술', '1큰술', '2큰술', '1큰술', '약간']","['뼈를 발라 펼쳐진 황태를 6cm 길이로 잘라주세요. 물에 담가 말랑한 상태로 만든 후 물을 꽉 짜주세요.', '볼에 양념 재료를 넣어 잘 섞어주세요. 손질한 황태를 양념에 재워주세요.', '밀가루와 전분을 섞은 후 양념한 황태에 묻혀주세요.', '구이 전용 팬에 기름을 바르고 황태를 올린 후 기름을 바르고 4단에 넣은 후 광파오븐 자동 요리 <구이>에서 <황태 양념구이> 1마리 분량을 선택하여 구워주세요. 조리가 시작되면 조절 기능으로 시간을 2분 추가해주세요. 도중에 멜로디가 울리면 황태를 뒤집고 계속 조리해 주세요. (tip. ""오븐에 전송"" 버튼을 누르면 시간을 조절할 필요 없이 간단하게 설정할 수 있어요', '완성된 황태갈비를 접시에 담아 맛있게 즐겨주세요.']"
